INSERT INTO role(id, name) VALUES
(1, 'Student'),
(2, 'Teacher'),
(3, 'Coordinator'),
(4, 'Administrator'),
(5, 'Technical Administrator');


INSERT INTO user(user_id, firstname, lastname, studierichting, creationDate, deletionDate) VALUES
(10000, 'Miquel', 'Metcalf', 'Wiskunde', '2021-01-15', '2021-02-10'),
(10001, 'Tammera', 'Castellanos', 'Economie', '2021-01-15', '2021-02-25'),
(10002, 'Ellsworth', 'Ponder', 'Elektrotechniek', '2021-01-15', '2021-03-06'),
(10003, 'Trinity', 'Beane', 'Economie', '2021-01-15', '2021-03-03'),
(10004, 'Cassy', 'Saunders', 'Natuurkunde', '2021-01-15', '2021-03-02'),
(10005, 'Joshua', 'Dunbar', 'Wiskunde', '2021-01-15', '2021-04-23'),
(10006, 'Hung', 'Lynch', 'ICT en Business', '2021-01-15', '2021-04-10'),
(10007, 'David', 'Castillo', 'Biomedische Wetenschappen', '2021-01-15', '2021-02-06'),
(10008, 'Charlie', 'Granger', 'Werktuigbouwkunde', '2021-01-15', '2021-02-27'),
(10009, 'Elza', 'Duncan', 'ICT en Business', '2021-01-15', '2021-02-04'),
(10010, 'Delmer', 'Grant', 'Psychologie', '2021-01-15', '2021-02-13'),
(10011, 'Criselda', 'Irwin', 'Werktuigbouwkunde', '2021-01-15', '2021-03-29'),
(10012, 'Clement', 'Tibbetts', 'ICT', '2021-01-15', '2021-02-09'),
(10013, 'Jamison', 'Lynn', 'Biomedische Wetenschappen', '2021-01-15', '2021-04-08'),
(10014, 'Sydney', 'Isaac', 'ICT', '2021-01-15', '2021-03-05'),
(10015, 'Sheila', 'Metz', 'ICT en Business', '2021-01-15', '2021-04-03'),
(10016, 'Lenard', 'Pool', 'Wiskunde', '2021-01-15', '2021-04-02'),
(10017, 'Efrain', 'Dunham', 'Elektrotechniek', '2021-01-15', '2021-03-10'),
(10018, 'Waylon', 'Savage', 'Biomedische Wetenschappen', '2021-01-15', '2021-03-25'),
(10019, 'Brande', 'Beard', 'Biomedische Wetenschappen', '2021-01-15', '2021-02-17'),
(10020, 'Merrill', 'Metzger', 'ICT en Business', '2021-01-15', '2021-01-30'),
(10021, 'Jannet', 'Grantham', 'Biomedische Wetenschappen', '2021-01-15', '2021-02-05'),
(10022, 'Hassan', 'Dunlap', 'ICT', '2021-01-15', '2021-01-24'),
(10023, 'Abdul', 'Castle', 'Elektrotechniek', '2021-01-15', '2021-02-10'),
(10024, 'Michael', 'Tibbs', 'Biomedische Wetenschappen', '2021-01-15', '2021-04-08'),
(10025, 'Benjamin', 'Lyon', 'Natuurkunde', '2021-01-15', '2021-04-16'),
(10026, 'Abe', 'Savoy', 'Natuurkunde', '2021-01-15', '2021-03-01'),
(10027, 'Maryland', 'Graves', 'Werktuigbouwkunde', '2021-01-15', '2021-02-12'),
(10028, 'Niesha', 'Isaacs', 'Psychologie', '2021-01-15', '2021-03-17'),
(10029, 'Ellie', 'Poole', 'Psychologie', '2021-01-15', '2021-02-04'),
(10030, 'Bernie', 'Tidwell', 'Biomedische Wetenschappen', '2021-01-15', '2021-02-19'),
(10031, 'Antonia', 'Metzler', 'ICT', '2021-01-15', '2021-04-21'),
(10032, 'Caitlyn', 'Porter', 'Economie', '2021-01-15', '2021-03-22'),
(10033, 'Rolande', 'Meyer', 'Elektrotechniek', '2021-01-15', '2021-02-07'),
(10034, 'Elease', 'Porterfield', 'Elektrotechniek', '2021-01-15', '2021-03-23'),
(10035, 'Lorrie', 'Sawyer', 'Elektrotechniek', '2021-01-15', '2021-03-20'),
(10036, 'Tosha', 'Tierney', 'ICT en Business', '2021-01-15', '2021-01-18'),
(10037, 'Jerrod', 'Dunn', 'Psychologie', '2021-01-15', '2021-04-19'),
(10038, 'Lovetta', 'Meyers', 'Psychologie', '2021-01-15', '2021-03-06'),
(10039, 'Normand', 'Portillo', 'Psychologie', '2021-01-15', '2021-03-10'),
(10040, 'Virgil', 'Bearden', 'Natuurkunde', '2021-01-15', '2021-01-25'),
(10041, 'Alana', 'Lyons', 'Elektrotechniek', '2021-01-15', '2021-02-23'),
(10042, 'Alison', 'Sawyers', 'Psychologie', '2021-01-15', '2021-03-03'),
(10043, 'Ethelyn', 'Tijerina', 'Economie', '2021-01-15', '2021-03-06'),
(10044, 'Alaina', 'Isaacson', 'Natuurkunde', '2021-01-15', '2021-02-14'),
(10045, 'Missy', 'Grayson', 'Biomedische Wetenschappen', '2021-01-15', '2021-03-02'),
(10046, 'Cindy', 'Meza', 'ICT', '2021-01-15', '2021-04-18'),
(10047, 'Abram', 'Posey', 'Wiskunde', '2021-01-15', '2021-02-17'),
(10048, 'Benton', 'Castleberry', 'Economie', '2021-01-15', '2021-04-01'),
(10049, 'Tomi', 'Saxon', 'Economie', '2021-01-15', '2021-03-23');



INSERT INTO `user_role` (`id`, `user_id`, `role_id`, `startDate`, `endDate`, `stamp_created`, `stamp_updated`) VALUES (1, 10000, 1, NULL, NULL, '1994-06-20 01:09:17', '2006-04-03 04:38:30');
INSERT INTO `user_role` (`id`, `user_id`, `role_id`, `startDate`, `endDate`, `stamp_created`, `stamp_updated`) VALUES (2, 10001, 2, NULL, NULL, '1995-11-26 16:38:12', '1987-05-03 10:19:54');
INSERT INTO `user_role` (`id`, `user_id`, `role_id`, `startDate`, `endDate`, `stamp_created`, `stamp_updated`) VALUES (3, 10002, 3, NULL, NULL, '1971-06-11 15:29:25', '1982-08-19 11:01:26');
INSERT INTO `user_role` (`id`, `user_id`, `role_id`, `startDate`, `endDate`, `stamp_created`, `stamp_updated`) VALUES (4, 10003, 4, NULL, NULL, '1970-02-20 12:51:12', '2012-06-29 04:52:22');
INSERT INTO `user_role` (`id`, `user_id`, `role_id`, `startDate`, `endDate`, `stamp_created`, `stamp_updated`) VALUES (5, 10004, 5, NULL, NULL, '2005-06-18 06:20:06', '2020-03-03 00:24:21');
INSERT INTO `user_role` (`id`, `user_id`, `role_id`, `startDate`, `endDate`, `stamp_created`, `stamp_updated`) VALUES (6, 10005, 1, NULL, NULL, '2010-11-02 02:58:05', '1985-08-03 09:29:15');
INSERT INTO `user_role` (`id`, `user_id`, `role_id`, `startDate`, `endDate`, `stamp_created`, `stamp_updated`) VALUES (7, 10006, 2, NULL, NULL, '1995-08-08 02:27:04', '1990-09-07 08:16:13');
INSERT INTO `user_role` (`id`, `user_id`, `role_id`, `startDate`, `endDate`, `stamp_created`, `stamp_updated`) VALUES (8, 10007, 3, NULL, NULL, '1994-05-23 05:53:34', '1996-10-25 03:24:59');
INSERT INTO `user_role` (`id`, `user_id`, `role_id`, `startDate`, `endDate`, `stamp_created`, `stamp_updated`) VALUES (9, 10008, 4, NULL, NULL, '2001-07-17 00:44:50', '1985-04-07 17:11:51');
INSERT INTO `user_role` (`id`, `user_id`, `role_id`, `startDate`, `endDate`, `stamp_created`, `stamp_updated`) VALUES (10, 10009, 5, NULL, NULL, '1984-09-04 06:30:06', '2009-06-14 05:36:38');
INSERT INTO `user_role` (`id`, `user_id`, `role_id`, `startDate`, `endDate`, `stamp_created`, `stamp_updated`) VALUES (11, 10010, 1, NULL, NULL, '2003-04-07 15:59:26', '1994-09-03 18:31:36');
INSERT INTO `user_role` (`id`, `user_id`, `role_id`, `startDate`, `endDate`, `stamp_created`, `stamp_updated`) VALUES (12, 10011, 2, NULL, NULL, '1970-04-22 00:23:46', '2010-09-20 17:50:42');
INSERT INTO `user_role` (`id`, `user_id`, `role_id`, `startDate`, `endDate`, `stamp_created`, `stamp_updated`) VALUES (13, 10012, 3, NULL, NULL, '1979-09-25 21:08:54', '1985-08-08 11:05:27');
INSERT INTO `user_role` (`id`, `user_id`, `role_id`, `startDate`, `endDate`, `stamp_created`, `stamp_updated`) VALUES (14, 10013, 4, NULL, NULL, '1979-10-08 19:12:26', '1999-04-26 05:06:42');
INSERT INTO `user_role` (`id`, `user_id`, `role_id`, `startDate`, `endDate`, `stamp_created`, `stamp_updated`) VALUES (15, 10014, 5, NULL, NULL, '1999-03-30 16:27:02', '1970-09-10 20:27:41');
INSERT INTO `user_role` (`id`, `user_id`, `role_id`, `startDate`, `endDate`, `stamp_created`, `stamp_updated`) VALUES (16, 10015, 1, NULL, NULL, '2016-11-24 08:44:13', '1978-07-26 13:06:35');
INSERT INTO `user_role` (`id`, `user_id`, `role_id`, `startDate`, `endDate`, `stamp_created`, `stamp_updated`) VALUES (17, 10016, 2, NULL, NULL, '1981-10-05 05:43:29', '2003-12-30 17:14:39');
INSERT INTO `user_role` (`id`, `user_id`, `role_id`, `startDate`, `endDate`, `stamp_created`, `stamp_updated`) VALUES (18, 10017, 3, NULL, NULL, '2009-11-07 02:18:34', '2013-05-23 20:55:49');
INSERT INTO `user_role` (`id`, `user_id`, `role_id`, `startDate`, `endDate`, `stamp_created`, `stamp_updated`) VALUES (19, 10018, 4, NULL, NULL, '1983-12-12 18:41:28', '1992-06-15 23:37:00');
INSERT INTO `user_role` (`id`, `user_id`, `role_id`, `startDate`, `endDate`, `stamp_created`, `stamp_updated`) VALUES (20, 10019, 5, NULL, NULL, '2003-10-26 17:01:39', '2010-06-19 14:42:08');
INSERT INTO `user_role` (`id`, `user_id`, `role_id`, `startDate`, `endDate`, `stamp_created`, `stamp_updated`) VALUES (21, 10020, 1, NULL, NULL, '2010-10-26 14:32:19', '1975-10-04 16:31:07');
INSERT INTO `user_role` (`id`, `user_id`, `role_id`, `startDate`, `endDate`, `stamp_created`, `stamp_updated`) VALUES (22, 10021, 2, NULL, NULL, '1984-03-15 01:26:51', '1991-01-10 06:29:05');
INSERT INTO `user_role` (`id`, `user_id`, `role_id`, `startDate`, `endDate`, `stamp_created`, `stamp_updated`) VALUES (23, 10022, 3, NULL, NULL, '2016-03-15 00:31:54', '1976-12-18 15:29:35');
INSERT INTO `user_role` (`id`, `user_id`, `role_id`, `startDate`, `endDate`, `stamp_created`, `stamp_updated`) VALUES (24, 10023, 4, NULL, NULL, '2001-12-30 18:11:08', '1971-08-23 08:46:04');
INSERT INTO `user_role` (`id`, `user_id`, `role_id`, `startDate`, `endDate`, `stamp_created`, `stamp_updated`) VALUES (25, 10024, 5, NULL, NULL, '2006-06-17 18:51:15', '2007-10-18 02:13:16');
INSERT INTO `user_role` (`id`, `user_id`, `role_id`, `startDate`, `endDate`, `stamp_created`, `stamp_updated`) VALUES (26, 10025, 1, NULL, NULL, '2015-07-06 17:25:43', '1996-06-01 18:33:03');
INSERT INTO `user_role` (`id`, `user_id`, `role_id`, `startDate`, `endDate`, `stamp_created`, `stamp_updated`) VALUES (27, 10026, 2, NULL, NULL, '2014-04-29 08:24:43', '2005-04-24 04:55:40');
INSERT INTO `user_role` (`id`, `user_id`, `role_id`, `startDate`, `endDate`, `stamp_created`, `stamp_updated`) VALUES (28, 10027, 3, NULL, NULL, '1975-12-12 23:50:25', '2012-12-03 22:24:11');
INSERT INTO `user_role` (`id`, `user_id`, `role_id`, `startDate`, `endDate`, `stamp_created`, `stamp_updated`) VALUES (29, 10028, 4, NULL, NULL, '1988-07-08 07:59:56', '1986-04-22 15:11:19');
INSERT INTO `user_role` (`id`, `user_id`, `role_id`, `startDate`, `endDate`, `stamp_created`, `stamp_updated`) VALUES (30, 10029, 5, NULL, NULL, '1991-06-22 09:46:39', '1995-09-18 09:18:33');
INSERT INTO `user_role` (`id`, `user_id`, `role_id`, `startDate`, `endDate`, `stamp_created`, `stamp_updated`) VALUES (31, 10030, 1, NULL, NULL, '2017-04-28 05:33:04', '1972-02-17 18:58:16');
INSERT INTO `user_role` (`id`, `user_id`, `role_id`, `startDate`, `endDate`, `stamp_created`, `stamp_updated`) VALUES (32, 10031, 2, NULL, NULL, '1970-07-13 05:38:10', '1984-07-20 12:36:34');
INSERT INTO `user_role` (`id`, `user_id`, `role_id`, `startDate`, `endDate`, `stamp_created`, `stamp_updated`) VALUES (33, 10032, 3, NULL, NULL, '2020-06-29 02:40:13', '2015-09-19 03:04:41');
INSERT INTO `user_role` (`id`, `user_id`, `role_id`, `startDate`, `endDate`, `stamp_created`, `stamp_updated`) VALUES (34, 10033, 4, NULL, NULL, '1986-01-28 14:05:01', '2005-07-14 03:50:50');
INSERT INTO `user_role` (`id`, `user_id`, `role_id`, `startDate`, `endDate`, `stamp_created`, `stamp_updated`) VALUES (35, 10034, 5, NULL, NULL, '2008-08-08 21:12:05', '2008-06-30 04:11:43');
INSERT INTO `user_role` (`id`, `user_id`, `role_id`, `startDate`, `endDate`, `stamp_created`, `stamp_updated`) VALUES (36, 10035, 1, NULL, NULL, '2009-02-15 19:27:27', '2019-12-22 08:11:30');
INSERT INTO `user_role` (`id`, `user_id`, `role_id`, `startDate`, `endDate`, `stamp_created`, `stamp_updated`) VALUES (37, 10036, 2, NULL, NULL, '1995-02-25 20:00:59', '1999-04-23 16:30:17');
INSERT INTO `user_role` (`id`, `user_id`, `role_id`, `startDate`, `endDate`, `stamp_created`, `stamp_updated`) VALUES (38, 10037, 3, NULL, NULL, '2020-03-15 22:33:53', '1989-06-22 05:19:31');
INSERT INTO `user_role` (`id`, `user_id`, `role_id`, `startDate`, `endDate`, `stamp_created`, `stamp_updated`) VALUES (39, 10038, 4, NULL, NULL, '2002-02-04 13:03:20', '1996-03-09 16:13:18');
INSERT INTO `user_role` (`id`, `user_id`, `role_id`, `startDate`, `endDate`, `stamp_created`, `stamp_updated`) VALUES (40, 10039, 5, NULL, NULL, '2003-04-25 04:26:14', '2017-05-25 13:45:31');
INSERT INTO `user_role` (`id`, `user_id`, `role_id`, `startDate`, `endDate`, `stamp_created`, `stamp_updated`) VALUES (41, 10040, 1, NULL, NULL, '1977-12-26 01:42:16', '1979-12-24 21:25:20');
INSERT INTO `user_role` (`id`, `user_id`, `role_id`, `startDate`, `endDate`, `stamp_created`, `stamp_updated`) VALUES (42, 10041, 2, NULL, NULL, '1994-09-14 11:58:39', '1999-05-15 21:45:19');
INSERT INTO `user_role` (`id`, `user_id`, `role_id`, `startDate`, `endDate`, `stamp_created`, `stamp_updated`) VALUES (43, 10042, 3, NULL, NULL, '1975-11-19 15:34:39', '1982-12-17 09:15:17');
INSERT INTO `user_role` (`id`, `user_id`, `role_id`, `startDate`, `endDate`, `stamp_created`, `stamp_updated`) VALUES (44, 10043, 4, NULL, NULL, '1974-10-18 23:11:08', '1993-06-25 02:28:08');
INSERT INTO `user_role` (`id`, `user_id`, `role_id`, `startDate`, `endDate`, `stamp_created`, `stamp_updated`) VALUES (45, 10044, 5, NULL, NULL, '1971-10-21 09:45:07', '1971-08-16 10:26:50');
INSERT INTO `user_role` (`id`, `user_id`, `role_id`, `startDate`, `endDate`, `stamp_created`, `stamp_updated`) VALUES (46, 10045, 1, NULL, NULL, '1983-04-15 11:58:06', '2009-03-21 01:58:05');
INSERT INTO `user_role` (`id`, `user_id`, `role_id`, `startDate`, `endDate`, `stamp_created`, `stamp_updated`) VALUES (47, 10046, 2, NULL, NULL, '1980-09-23 09:18:36', '2008-05-13 23:20:35');
INSERT INTO `user_role` (`id`, `user_id`, `role_id`, `startDate`, `endDate`, `stamp_created`, `stamp_updated`) VALUES (48, 10047, 3, NULL, NULL, '1974-03-07 08:50:55', '1974-02-06 19:35:41');
INSERT INTO `user_role` (`id`, `user_id`, `role_id`, `startDate`, `endDate`, `stamp_created`, `stamp_updated`) VALUES (49, 10048, 4, NULL, NULL, '1990-05-26 20:33:36', '2009-04-19 06:37:37');
INSERT INTO `user_role` (`id`, `user_id`, `role_id`, `startDate`, `endDate`, `stamp_created`, `stamp_updated`) VALUES (50, 10049, 5, NULL, NULL, '2002-11-08 21:24:49', '2010-02-19 20:57:33');
INSERT INTO `user_role` (`id`, `user_id`, `ro




INSERT INTO `course` (`id`, `coordinator_user_id`, `name`, `startDate`, `endDate`, `stamp_created`, `stamp_updated`) VALUES (21, 10000, 'cultivate wireless eyeballs', '2020-01-10', '2022-01-10', '1998-12-15 13:04:11', '1970-03-08 08:06:05');
INSERT INTO `course` (`id`, `coordinator_user_id`, `name`, `startDate`, `endDate`, `stamp_created`, `stamp_updated`) VALUES (22, 10001, 'generate magnetic architectures', '2020-01-10', '2022-01-10', '1999-03-26 01:37:05', '1998-06-26 22:56:47');
INSERT INTO `course` (`id`, `coordinator_user_id`, `name`, `startDate`, `endDate`, `stamp_created`, `stamp_updated`) VALUES (23, 10002, 'orchestrate seamless convergence', '2020-01-10', '2022-01-10', '2017-07-15 18:18:31', '2020-10-22 15:00:55');
INSERT INTO `course` (`id`, `coordinator_user_id`, `name`, `startDate`, `endDate`, `stamp_created`, `stamp_updated`) VALUES (24, 10003, 'e-enable scalable infrastructures', '2020-01-10', '2022-01-10', '2014-01-16 00:21:54', '2012-07-16 08:06:47');
INSERT INTO `course` (`id`, `coordinator_user_id`, `name`, `startDate`, `endDate`, `stamp_created`, `stamp_updated`) VALUES (25, 10004, 'reinvent back-end content', '2020-01-10', '2022-01-10', '1991-11-12 08:11:33', '2017-03-26 13:18:54');
INSERT INTO `course` (`id`, `coordinator_user_id`, `name`, `startDate`, `endDate`, `stamp_created`, `stamp_updated`) VALUES (26, 10005, 'benchmark sticky portals', '2020-01-10', '2022-01-10', '2003-06-24 20:01:19', '2007-03-12 13:16:22');
INSERT INTO `course` (`id`, `coordinator_user_id`, `name`, `startDate`, `endDate`, `stamp_created`, `stamp_updated`) VALUES (27, 10006, 'optimize world-class synergies', '2020-01-10', '2022-01-10', '1972-09-13 00:53:59', '1998-09-30 05:48:58');
INSERT INTO `course` (`id`, `coordinator_user_id`, `name`, `startDate`, `endDate`, `stamp_created`, `stamp_updated`) VALUES (28, 10007, 'strategize impactful e-commerce', '2020-01-10', '2022-01-10', '2016-12-26 00:29:23', '2002-05-29 02:15:02');
INSERT INTO `course` (`id`, `coordinator_user_id`, `name`, `startDate`, `endDate`, `stamp_created`, `stamp_updated`) VALUES (29, 10008, 'brand distributed communities', '2020-01-10', '2022-01-10', '2015-09-17 00:23:53', '1976-03-31 12:34:29');
INSERT INTO `course` (`id`, `coordinator_user_id`, `name`, `startDate`, `endDate`, `stamp_created`, `stamp_updated`) VALUES (30, 10009, 'expedite interactive e-markets', '2020-01-10', '2022-01-10', '1997-09-23 15:30:59', '2019-11-09 01:28:08');




INSERT INTO `credentials` (`user_id`, `password`, `stamp_created`, `stamp_updated`) VALUES (10000, '123', '1978-04-21 21:38:16', '2015-02-09 22:44:57');
INSERT INTO `credentials` (`user_id`, `password`, `stamp_created`, `stamp_updated`) VALUES (10001, '123', '1973-12-02 21:07:59', '1987-11-22 12:58:09');
INSERT INTO `credentials` (`user_id`, `password`, `stamp_created`, `stamp_updated`) VALUES (10002, '123', '2011-08-28 06:36:26', '1994-11-03 19:30:58');
INSERT INTO `credentials` (`user_id`, `password`, `stamp_created`, `stamp_updated`) VALUES (10003, '123', '2009-11-21 18:43:53', '1986-08-13 07:07:01');
INSERT INTO `credentials` (`user_id`, `password`, `stamp_created`, `stamp_updated`) VALUES (10004, '123', '1970-06-16 04:43:23', '2010-04-26 08:39:23');
INSERT INTO `credentials` (`user_id`, `password`, `stamp_created`, `stamp_updated`) VALUES (10005, '123', '2006-02-26 13:55:24', '1998-08-09 14:51:59');
INSERT INTO `credentials` (`user_id`, `password`, `stamp_created`, `stamp_updated`) VALUES (10006, '123', '2010-11-07 21:23:24', '1992-03-04 19:56:39');
INSERT INTO `credentials` (`user_id`, `password`, `stamp_created`, `stamp_updated`) VALUES (10007, '123', '2000-12-26 15:57:07', '1983-11-13 13:27:17');
INSERT INTO `credentials` (`user_id`, `password`, `stamp_created`, `stamp_updated`) VALUES (10008, '123', '1995-11-10 15:26:13', '2019-10-19 21:27:14');
INSERT INTO `credentials` (`user_id`, `password`, `stamp_created`, `stamp_updated`) VALUES (10009, '123', '2010-05-05 05:22:48', '1988-01-19 18:23:46');
INSERT INTO `credentials` (`user_id`, `password`, `stamp_created`, `stamp_updated`) VALUES (10010, '123', '2019-05-28 21:31:50', '2014-07-22 14:27:14');
INSERT INTO `credentials` (`user_id`, `password`, `stamp_created`, `stamp_updated`) VALUES (10011, '123', '1983-05-27 07:01:16', '1974-11-07 13:42:30');
INSERT INTO `credentials` (`user_id`, `password`, `stamp_created`, `stamp_updated`) VALUES (10012, '123', '1994-04-20 23:59:43', '1971-08-08 15:10:53');
INSERT INTO `credentials` (`user_id`, `password`, `stamp_created`, `stamp_updated`) VALUES (10013, '123', '1998-04-27 08:25:54', '1995-08-02 03:38:42');
INSERT INTO `credentials` (`user_id`, `password`, `stamp_created`, `stamp_updated`) VALUES (10014, '123', '1992-08-28 16:21:36', '2010-02-12 10:57:02');
INSERT INTO `credentials` (`user_id`, `password`, `stamp_created`, `stamp_updated`) VALUES (10015, '123', '1990-11-03 05:41:21', '1996-12-05 18:05:57');
INSERT INTO `credentials` (`user_id`, `password`, `stamp_created`, `stamp_updated`) VALUES (10016, '123', '1981-08-01 07:20:43', '1976-09-01 13:32:26');
INSERT INTO `credentials` (`user_id`, `password`, `stamp_created`, `stamp_updated`) VALUES (10017, '123', '1991-08-18 07:54:21', '2013-11-02 12:20:51');
INSERT INTO `credentials` (`user_id`, `password`, `stamp_created`, `stamp_updated`) VALUES (10018, '123', '2001-08-16 14:06:17', '1995-02-19 05:01:49');
INSERT INTO `credentials` (`user_id`, `password`, `stamp_created`, `stamp_updated`) VALUES (10019, '123', '1998-01-11 11:47:48', '2020-01-24 11:33:51');
INSERT INTO `credentials` (`user_id`, `password`, `stamp_created`, `stamp_updated`) VALUES (10020, '123', '2010-06-21 16:45:50', '1977-12-20 15:20:51');
INSERT INTO `credentials` (`user_id`, `password`, `stamp_created`, `stamp_updated`) VALUES (10021, '123', '1987-04-14 07:25:27', '2013-07-12 01:09:13');
INSERT INTO `credentials` (`user_id`, `password`, `stamp_created`, `stamp_updated`) VALUES (10022, '123', '1976-09-11 05:30:54', '2012-11-26 20:51:19');
INSERT INTO `credentials` (`user_id`, `password`, `stamp_created`, `stamp_updated`) VALUES (10023, '123', '1991-10-02 03:49:38', '1991-06-17 01:05:39');
INSERT INTO `credentials` (`user_id`, `password`, `stamp_created`, `stamp_updated`) VALUES (10024, '123', '2005-05-28 01:22:54', '2003-01-29 17:13:50');
INSERT INTO `credentials` (`user_id`, `password`, `stamp_created`, `stamp_updated`) VALUES (10025, '123', '1996-08-15 02:32:11', '2010-06-23 15:35:52');
INSERT INTO `credentials` (`user_id`, `password`, `stamp_created`, `stamp_updated`) VALUES (10026, '123', '2017-12-23 18:48:24', '2013-03-21 00:03:28');
INSERT INTO `credentials` (`user_id`, `password`, `stamp_created`, `stamp_updated`) VALUES (10027, '123', '1983-09-03 16:31:12', '2016-10-06 05:29:28');
INSERT INTO `credentials` (`user_id`, `password`, `stamp_created`, `stamp_updated`) VALUES (10028, '123', '2010-01-30 07:37:13', '2015-06-06 23:40:53');
INSERT INTO `credentials` (`user_id`, `password`, `stamp_created`, `stamp_updated`) VALUES (10029, '123', '1974-09-16 11:29:49', '2007-06-28 10:49:51');
INSERT INTO `credentials` (`user_id`, `password`, `stamp_created`, `stamp_updated`) VALUES (10030, '123', '2001-03-27 14:51:44', '1974-06-27 02:44:43');
INSERT INTO `credentials` (`user_id`, `password`, `stamp_created`, `stamp_updated`) VALUES (10031, '123', '2005-06-03 06:32:53', '1995-11-17 17:09:49');
INSERT INTO `credentials` (`user_id`, `password`, `stamp_created`, `stamp_updated`) VALUES (10032, '123', '1981-05-25 06:34:25', '2002-06-17 16:06:17');
INSERT INTO `credentials` (`user_id`, `password`, `stamp_created`, `stamp_updated`) VALUES (10033, '123', '1978-01-25 03:14:36', '1975-03-05 08:36:24');
INSERT INTO `credentials` (`user_id`, `password`, `stamp_created`, `stamp_updated`) VALUES (10034, '123', '1989-09-30 11:39:28', '2007-04-21 08:12:24');
INSERT INTO `credentials` (`user_id`, `password`, `stamp_created`, `stamp_updated`) VALUES (10035, '123', '2001-01-12 01:09:41', '2012-01-29 18:44:08');
INSERT INTO `credentials` (`user_id`, `password`, `stamp_created`, `stamp_updated`) VALUES (10036, '123', '1992-08-29 10:30:28', '1993-01-18 15:21:48');
INSERT INTO `credentials` (`user_id`, `password`, `stamp_created`, `stamp_updated`) VALUES (10037, '123', '1998-05-09 03:04:05', '2013-01-04 22:36:03');
INSERT INTO `credentials` (`user_id`, `password`, `stamp_created`, `stamp_updated`) VALUES (10038, '123', '1970-04-24 07:47:28', '1976-06-21 14:23:16');
INSERT INTO `credentials` (`user_id`, `password`, `stamp_created`, `stamp_updated`) VALUES (10039, '123', '1978-11-06 15:10:23', '1971-04-29 02:41:18');
INSERT INTO `credentials` (`user_id`, `password`, `stamp_created`, `stamp_updated`) VALUES (10040, '123', '2019-03-14 10:55:01', '2002-03-20 19:06:50');
INSERT INTO `credentials` (`user_id`, `password`, `stamp_created`, `stamp_updated`) VALUES (10041, '123', '1989-03-29 22:36:58', '2017-03-27 21:05:41');
INSERT INTO `credentials` (`user_id`, `password`, `stamp_created`, `stamp_updated`) VALUES (10042, '123', '1990-03-16 00:09:35', '2012-10-23 16:43:07');
INSERT INTO `credentials` (`user_id`, `password`, `stamp_created`, `stamp_updated`) VALUES (10043, '123', '1972-09-11 12:45:23', '1977-01-20 14:18:15');
INSERT INTO `credentials` (`user_id`, `password`, `stamp_created`, `stamp_updated`) VALUES (10044, '123', '2000-08-13 10:22:01', '1997-04-12 20:42:41');
INSERT INTO `credentials` (`user_id`, `password`, `stamp_created`, `stamp_updated`) VALUES (10045, '123', '1977-05-09 22:45:44', '1988-02-23 20:27:02');
INSERT INTO `credentials` (`user_id`, `password`, `stamp_created`, `stamp_updated`) VALUES (10046, '123', '1980-07-22 19:12:50', '2010-12-30 02:10:53');
INSERT INTO `credentials` (`user_id`, `password`, `stamp_created`, `stamp_updated`) VALUES (10047, '123', '1979-03-29 13:31:58', '2017-11-07 02:01:52');
INSERT INTO `credentials` (`user_id`, `password`, `stamp_created`, `stamp_updated`) VALUES (10048, '123', '1988-07-13 17:55:31', '2003-02-21 00:33:45');
INSERT INTO `credentials` (`user_id`, `password`, `stamp_created`, `stamp_updated`) VALUES (10049, '123', '1988-09-26 08:43:39', '2010-08-03 17:52:19');





INSERT INTO `group` (`id`, `course_id`, `name`, `stamp_created`, `stamp_updated`, `docent`) VALUES (1, 21, 'Cliff', '2012-07-27 08:21:36', '2005-09-05 16:53:31', NULL);
INSERT INTO `group` (`id`, `course_id`, `name`, `stamp_created`, `stamp_updated`, `docent`) VALUES (2, 22, 'Flats', '1978-01-20 01:26:14', '1988-09-04 14:49:19', NULL);
INSERT INTO `group` (`id`, `course_id`, `name`, `stamp_created`, `stamp_updated`, `docent`) VALUES (3, 23, 'Viaduct', '1974-12-07 00:14:20', '2013-10-31 09:43:00', NULL);
INSERT INTO `group` (`id`, `course_id`, `name`, `stamp_created`, `stamp_updated`, `docent`) VALUES (4, 24, 'Vista', '1978-08-07 17:25:16', '1975-01-30 13:51:36', NULL);
INSERT INTO `group` (`id`, `course_id`, `name`, `stamp_created`, `stamp_updated`, `docent`) VALUES (5, 25, 'Valleys', '2000-05-04 18:17:08', '1996-08-20 13:34:00', NULL);
INSERT INTO `group` (`id`, `course_id`, `name`, `stamp_created`, `stamp_updated`, `docent`) VALUES (6, 26, 'Garden', '2011-05-01 02:36:42', '1999-10-28 11:23:58', NULL);
INSERT INTO `group` (`id`, `course_id`, `name`, `stamp_created`, `stamp_updated`, `docent`) VALUES (7, 27, 'Mountains', '1995-01-10 16:51:48', '1978-12-10 03:42:25', NULL);
INSERT INTO `group` (`id`, `course_id`, `name`, `stamp_created`, `stamp_updated`, `docent`) VALUES (8, 28, 'Pass', '1993-10-27 12:20:01', '2005-11-21 05:18:45', NULL);
INSERT INTO `group` (`id`, `course_id`, `name`, `stamp_created`, `stamp_updated`, `docent`) VALUES (9, 29, 'Fall', '1988-09-13 17:58:00', '1971-05-08 09:36:49', NULL);
INSERT INTO `group` (`id`, `course_id`, `name`, `stamp_created`, `stamp_updated`, `docent`) VALUES (10, 30, 'Crest', '1979-09-07 23:47:33', '2002-07-24 09:56:57', NULL);



INSERT INTO `quiz` (`id`, `course_id`, `name`, `successDefinition`, `timelimit`, `stamp_created`, `stamp_updated`, `pass_score`) VALUES (1, 21, 'minus', '7', NULL, '2003-05-03 13:00:00', '1970-01-31 11:17:15', NULL);
INSERT INTO `quiz` (`id`, `course_id`, `name`, `successDefinition`, `timelimit`, `stamp_created`, `stamp_updated`, `pass_score`) VALUES (2, 22, 'nostrum', '8', NULL, '1975-03-10 13:43:04', '1997-11-24 19:12:44', NULL);
INSERT INTO `quiz` (`id`, `course_id`, `name`, `successDefinition`, `timelimit`, `stamp_created`, `stamp_updated`, `pass_score`) VALUES (3, 23, 'minus', '1', NULL, '2012-04-10 00:55:04', '2014-02-20 04:13:24', NULL);
INSERT INTO `quiz` (`id`, `course_id`, `name`, `successDefinition`, `timelimit`, `stamp_created`, `stamp_updated`, `pass_score`) VALUES (4, 24, 'est', '1', NULL, '1975-11-06 14:55:30', '1970-09-07 12:05:27', NULL);
INSERT INTO `quiz` (`id`, `course_id`, `name`, `successDefinition`, `timelimit`, `stamp_created`, `stamp_updated`, `pass_score`) VALUES (5, 25, 'pariatur', '3', NULL, '2020-07-17 08:53:36', '1970-09-19 17:50:32', NULL);
INSERT INTO `quiz` (`id`, `course_id`, `name`, `successDefinition`, `timelimit`, `stamp_created`, `stamp_updated`, `pass_score`) VALUES (6, 26, 'fugit', '5', NULL, '2007-01-04 05:11:59', '2011-02-17 19:12:02', NULL);
INSERT INTO `quiz` (`id`, `course_id`, `name`, `successDefinition`, `timelimit`, `stamp_created`, `stamp_updated`, `pass_score`) VALUES (7, 27, 'ratione', '8', NULL, '1999-07-13 08:28:10', '1973-09-14 17:07:24', NULL);
INSERT INTO `quiz` (`id`, `course_id`, `name`, `successDefinition`, `timelimit`, `stamp_created`, `stamp_updated`, `pass_score`) VALUES (8, 28, 'et', '6', NULL, '1991-12-14 01:13:02', '1974-05-19 17:15:44', NULL);
INSERT INTO `quiz` (`id`, `course_id`, `name`, `successDefinition`, `timelimit`, `stamp_created`, `stamp_updated`, `pass_score`) VALUES (9, 29, 'ut', '8', NULL, '2005-12-29 20:36:02', '2004-03-27 05:58:58', NULL);
INSERT INTO `quiz` (`id`, `course_id`, `name`, `successDefinition`, `timelimit`, `stamp_created`, `stamp_updated`, `pass_score`) VALUES (10, 30, 'vitae', '4', NULL, '2001-09-16 06:54:38', '2020-03-22 16:23:48', NULL);
INSERT INTO `quiz` (`id`, `course_id`, `name`, `successDefinition`, `timelimit`, `stamp_created`, `stamp_updated`, `pass_score`) VALUES (11, 21, 'omnis', '5', NULL, '1999-12-06 08:32:23', '2009-11-22 10:24:35', NULL);
INSERT INTO `quiz` (`id`, `course_id`, `name`, `successDefinition`, `timelimit`, `stamp_created`, `stamp_updated`, `pass_score`) VALUES (12, 22, 'est', '1', NULL, '2003-03-22 22:41:59', '1986-02-01 07:11:22', NULL);
INSERT INTO `quiz` (`id`, `course_id`, `name`, `successDefinition`, `timelimit`, `stamp_created`, `stamp_updated`, `pass_score`) VALUES (13, 23, 'in', '6', NULL, '2009-08-18 01:24:27', '1989-03-27 13:10:23', NULL);
INSERT INTO `quiz` (`id`, `course_id`, `name`, `successDefinition`, `timelimit`, `stamp_created`, `stamp_updated`, `pass_score`) VALUES (14, 24, 'quis', '9', NULL, '1972-04-06 02:37:09', '1982-07-06 14:06:56', NULL);
INSERT INTO `quiz` (`id`, `course_id`, `name`, `successDefinition`, `timelimit`, `stamp_created`, `stamp_updated`, `pass_score`) VALUES (15, 25, 'eligendi', '4', NULL, '1974-04-20 14:25:24', '2014-12-04 20:27:52', NULL);
INSERT INTO `quiz` (`id`, `course_id`, `name`, `successDefinition`, `timelimit`, `stamp_created`, `stamp_updated`, `pass_score`) VALUES (16, 26, 'ratione', '4', NULL, '1984-10-05 16:09:46', '1995-07-14 19:52:38', NULL);
INSERT INTO `quiz` (`id`, `course_id`, `name`, `successDefinition`, `timelimit`, `stamp_created`, `stamp_updated`, `pass_score`) VALUES (17, 27, 'vero', '5', NULL, '1979-02-25 20:23:04', '2012-06-15 06:36:26', NULL);
INSERT INTO `quiz` (`id`, `course_id`, `name`, `successDefinition`, `timelimit`, `stamp_created`, `stamp_updated`, `pass_score`) VALUES (18, 28, 'reprehenderit', '2', NULL, '1996-09-22 21:14:53', '1987-12-12 15:30:09', NULL);
INSERT INTO `quiz` (`id`, `course_id`, `name`, `successDefinition`, `timelimit`, `stamp_created`, `stamp_updated`, `pass_score`) VALUES (19, 29, 'consectetur', '2', NULL, '1999-10-04 20:33:12', '2000-07-14 22:44:52', NULL);
INSERT INTO `quiz` (`id`, `course_id`, `name`, `successDefinition`, `timelimit`, `stamp_created`, `stamp_updated`, `pass_score`) VALUES (20, 30, 'voluptas', '2', NULL, '1996-12-18 13:44:46', '2011-07-03 10:27:55', NULL);



INSERT INTO `question` (`id`, `quiz_id`, `question`, `attachedFile`, `stamp_created`, `stamp_updated`, `file`) VALUES (1, 1, 'Sed numquam assumenda omnis qui facere delectus.', NULL, '1988-07-25 14:06:26', '2012-11-16 18:14:02', NULL);
INSERT INTO `question` (`id`, `quiz_id`, `question`, `attachedFile`, `stamp_created`, `stamp_updated`, `file`) VALUES (2, 2, 'Repellat ex voluptatibus asperiores qui.', NULL, '1985-05-13 21:21:39', '2020-10-24 04:22:10', NULL);
INSERT INTO `question` (`id`, `quiz_id`, `question`, `attachedFile`, `stamp_created`, `stamp_updated`, `file`) VALUES (3, 3, 'Rerum qui iure perspiciatis quisquam aut iste atque.', NULL, '1972-03-03 15:25:55', '2005-06-28 01:33:45', NULL);
INSERT INTO `question` (`id`, `quiz_id`, `question`, `attachedFile`, `stamp_created`, `stamp_updated`, `file`) VALUES (4, 4, 'Impedit placeat omnis ut saepe qui.', NULL, '1999-09-05 16:41:53', '1990-10-17 16:26:10', NULL);
INSERT INTO `question` (`id`, `quiz_id`, `question`, `attachedFile`, `stamp_created`, `stamp_updated`, `file`) VALUES (5, 5, 'Velit expedita vitae eum ex qui iste.', NULL, '1973-01-08 20:55:02', '2021-01-18 11:22:03', NULL);
INSERT INTO `question` (`id`, `quiz_id`, `question`, `attachedFile`, `stamp_created`, `stamp_updated`, `file`) VALUES (6, 6, 'Quia quas aut quod corporis.', NULL, '2008-04-20 08:29:05', '1982-02-27 07:45:34', NULL);
INSERT INTO `question` (`id`, `quiz_id`, `question`, `attachedFile`, `stamp_created`, `stamp_updated`, `file`) VALUES (7, 7, 'Perspiciatis consequatur veritatis placeat voluptas debitis eaque.', NULL, '2013-12-05 05:34:58', '1982-12-13 17:32:40', NULL);
INSERT INTO `question` (`id`, `quiz_id`, `question`, `attachedFile`, `stamp_created`, `stamp_updated`, `file`) VALUES (8, 8, 'Voluptas est maxime ipsa non labore non optio.', NULL, '2011-02-01 20:50:41', '2013-03-01 08:39:27', NULL);
INSERT INTO `question` (`id`, `quiz_id`, `question`, `attachedFile`, `stamp_created`, `stamp_updated`, `file`) VALUES (9, 9, 'A nam dolores et perspiciatis architecto similique qui.', NULL, '1989-03-15 04:56:32', '2010-11-11 18:00:57', NULL);
INSERT INTO `question` (`id`, `quiz_id`, `question`, `attachedFile`, `stamp_created`, `stamp_updated`, `file`) VALUES (10, 10, 'Dicta natus qui tempora placeat.', NULL, '1987-08-25 19:59:17', '1970-03-17 09:39:43', NULL);
INSERT INTO `question` (`id`, `quiz_id`, `question`, `attachedFile`, `stamp_created`, `stamp_updated`, `file`) VALUES (11, 11, 'Vitae odio incidunt placeat dolores incidunt assumenda vel.', NULL, '1986-08-12 10:08:43', '1982-11-12 07:14:02', NULL);
INSERT INTO `question` (`id`, `quiz_id`, `question`, `attachedFile`, `stamp_created`, `stamp_updated`, `file`) VALUES (12, 12, 'Aut aperiam id quidem omnis dignissimos deserunt reprehenderit.', NULL, '2004-02-13 11:45:48', '1992-06-28 08:07:27', NULL);
INSERT INTO `question` (`id`, `quiz_id`, `question`, `attachedFile`, `stamp_created`, `stamp_updated`, `file`) VALUES (13, 13, 'Porro dicta quam commodi laudantium nobis ducimus neque.', NULL, '1998-09-13 12:32:28', '1999-11-05 07:39:33', NULL);
INSERT INTO `question` (`id`, `quiz_id`, `question`, `attachedFile`, `stamp_created`, `stamp_updated`, `file`) VALUES (14, 14, 'Cum ipsum mollitia quidem ab corporis praesentium sit.', NULL, '2011-11-25 09:52:37', '1976-02-11 11:06:37', NULL);
INSERT INTO `question` (`id`, `quiz_id`, `question`, `attachedFile`, `stamp_created`, `stamp_updated`, `file`) VALUES (15, 15, 'Reprehenderit ab veniam alias repellendus qui harum.', NULL, '1975-11-27 03:26:28', '2003-05-09 00:09:37', NULL);
INSERT INTO `question` (`id`, `quiz_id`, `question`, `attachedFile`, `stamp_created`, `stamp_updated`, `file`) VALUES (16, 16, 'Occaecati voluptas autem aliquam officia id qui rem et.', NULL, '1988-01-14 21:35:57', '2006-07-17 06:54:19', NULL);
INSERT INTO `question` (`id`, `quiz_id`, `question`, `attachedFile`, `stamp_created`, `stamp_updated`, `file`) VALUES (17, 17, 'Aut quia dolores ipsam ipsam enim qui.', NULL, '1990-08-11 09:18:02', '1992-11-12 06:49:13', NULL);
INSERT INTO `question` (`id`, `quiz_id`, `question`, `attachedFile`, `stamp_created`, `stamp_updated`, `file`) VALUES (18, 18, 'Optio nihil ut sunt.', NULL, '1991-01-30 01:25:21', '1990-12-25 05:08:42', NULL);
INSERT INTO `question` (`id`, `quiz_id`, `question`, `attachedFile`, `stamp_created`, `stamp_updated`, `file`) VALUES (19, 19, 'Rerum id libero nesciunt quibusdam repellat at.', NULL, '2005-11-22 19:01:27', '1973-07-23 14:10:35', NULL);
INSERT INTO `question` (`id`, `quiz_id`, `question`, `attachedFile`, `stamp_created`, `stamp_updated`, `file`) VALUES (20, 20, 'Praesentium rem autem et.', NULL, '1984-07-14 16:07:35', '2006-11-26 14:10:25', NULL);
INSERT INTO `question` (`id`, `quiz_id`, `question`, `attachedFile`, `stamp_created`, `stamp_updated`, `file`) VALUES (21, 1, 'Doloremque et aut ea ipsum.', NULL, '1976-05-03 23:22:34', '2003-12-10 04:15:46', NULL);
INSERT INTO `question` (`id`, `quiz_id`, `question`, `attachedFile`, `stamp_created`, `stamp_updated`, `file`) VALUES (22, 2, 'Possimus deleniti asperiores aperiam eius eum recusandae rem.', NULL, '1979-04-13 03:51:06', '2009-02-10 11:25:21', NULL);
INSERT INTO `question` (`id`, `quiz_id`, `question`, `attachedFile`, `stamp_created`, `stamp_updated`, `file`) VALUES (23, 3, 'Aliquid nam laudantium eligendi.', NULL, '2011-12-08 07:08:42', '1989-09-21 17:41:22', NULL);
INSERT INTO `question` (`id`, `quiz_id`, `question`, `attachedFile`, `stamp_created`, `stamp_updated`, `file`) VALUES (24, 4, 'Qui quidem commodi possimus rem id.', NULL, '2011-05-17 16:07:12', '1989-08-16 22:45:27', NULL);
INSERT INTO `question` (`id`, `quiz_id`, `question`, `attachedFile`, `stamp_created`, `stamp_updated`, `file`) VALUES (25, 5, 'Voluptas non est ut.', NULL, '2004-08-14 01:13:49', '1977-10-21 12:54:27', NULL);
INSERT INTO `question` (`id`, `quiz_id`, `question`, `attachedFile`, `stamp_created`, `stamp_updated`, `file`) VALUES (26, 6, 'Beatae neque est aut optio.', NULL, '1972-08-21 23:11:03', '2006-03-12 04:30:46', NULL);
INSERT INTO `question` (`id`, `quiz_id`, `question`, `attachedFile`, `stamp_created`, `stamp_updated`, `file`) VALUES (27, 7, 'Minus consequatur consequatur nemo illo omnis fuga excepturi.', NULL, '2016-04-15 05:24:16', '1994-06-23 09:04:23', NULL);
INSERT INTO `question` (`id`, `quiz_id`, `question`, `attachedFile`, `stamp_created`, `stamp_updated`, `file`) VALUES (28, 8, 'Eum cupiditate et cumque animi ut.', NULL, '1992-03-15 12:05:08', '2006-04-04 09:38:46', NULL);
INSERT INTO `question` (`id`, `quiz_id`, `question`, `attachedFile`, `stamp_created`, `stamp_updated`, `file`) VALUES (29, 9, 'Aut recusandae possimus est omnis.', NULL, '1986-02-25 08:26:24', '1977-10-12 19:04:05', NULL);
INSERT INTO `question` (`id`, `quiz_id`, `question`, `attachedFile`, `stamp_created`, `stamp_updated`, `file`) VALUES (30, 10, 'Et similique ipsum amet omnis laudantium eaque inventore.', NULL, '1998-10-27 06:33:01', '2017-12-27 15:57:41', NULL);
INSERT INTO `question` (`id`, `quiz_id`, `question`, `attachedFile`, `stamp_created`, `stamp_updated`, `file`) VALUES (31, 11, 'Porro ut voluptas ab.', NULL, '2012-03-07 21:51:12', '2000-01-16 03:56:59', NULL);
INSERT INTO `question` (`id`, `quiz_id`, `question`, `attachedFile`, `stamp_created`, `stamp_updated`, `file`) VALUES (32, 12, 'Animi beatae veniam distinctio quod.', NULL, '2015-06-16 17:21:10', '1995-07-23 10:37:02', NULL);
INSERT INTO `question` (`id`, `quiz_id`, `question`, `attachedFile`, `stamp_created`, `stamp_updated`, `file`) VALUES (33, 13, 'Sed a dolores voluptas iste laboriosam sit eaque.', NULL, '1989-01-12 18:27:32', '2015-07-17 22:16:59', NULL);
INSERT INTO `question` (`id`, `quiz_id`, `question`, `attachedFile`, `stamp_created`, `stamp_updated`, `file`) VALUES (34, 14, 'Fugiat impedit nulla quia eius eum.', NULL, '1973-08-09 00:59:43', '1972-10-07 00:43:41', NULL);
INSERT INTO `question` (`id`, `quiz_id`, `question`, `attachedFile`, `stamp_created`, `stamp_updated`, `file`) VALUES (35, 15, 'Architecto animi beatae aut velit.', NULL, '1980-10-12 05:26:00', '1983-05-17 09:14:44', NULL);
INSERT INTO `question` (`id`, `quiz_id`, `question`, `attachedFile`, `stamp_created`, `stamp_updated`, `file`) VALUES (36, 16, 'Rem illo rerum voluptates quod repudiandae sequi.', NULL, '1972-07-14 08:21:47', '2007-03-27 02:12:56', NULL);
INSERT INTO `question` (`id`, `quiz_id`, `question`, `attachedFile`, `stamp_created`, `stamp_updated`, `file`) VALUES (37, 17, 'Perferendis veritatis eos facere quae dolores distinctio dignissimos.', NULL, '2001-05-07 22:35:54', '1998-11-04 22:13:08', NULL);
INSERT INTO `question` (`id`, `quiz_id`, `question`, `attachedFile`, `stamp_created`, `stamp_updated`, `file`) VALUES (38, 18, 'Quia ut necessitatibus nam iure.', NULL, '2006-03-27 11:22:33', '1978-06-12 09:05:30', NULL);
INSERT INTO `question` (`id`, `quiz_id`, `question`, `attachedFile`, `stamp_created`, `stamp_updated`, `file`) VALUES (39, 19, 'Aut voluptatem facilis vitae.', NULL, '2003-03-22 22:49:11', '2019-08-20 23:27:06', NULL);
INSERT INTO `question` (`id`, `quiz_id`, `question`, `attachedFile`, `stamp_created`, `stamp_updated`, `file`) VALUES (40, 20, 'Et adipisci explicabo et quam impedit ducimus architecto nobis.', NULL, '1977-09-16 18:44:49', '2018-10-01 09:12:07', NULL);
INSERT INTO `question` (`id`, `quiz_id`, `question`, `attachedFile`, `stamp_created`, `stamp_updated`, `file`) VALUES (41, 1, 'Voluptas porro ut deserunt sapiente eum.', NULL, '2006-05-17 06:22:55', '1992-01-17 11:38:11', NULL);
INSERT INTO `question` (`id`, `quiz_id`, `question`, `attachedFile`, `stamp_created`, `stamp_updated`, `file`) VALUES (42, 2, 'Architecto dolores dicta aut dolorem.', NULL, '1994-11-15 14:40:53', '1970-12-12 04:20:42', NULL);
INSERT INTO `question` (`id`, `quiz_id`, `question`, `attachedFile`, `stamp_created`, `stamp_updated`, `file`) VALUES (43, 3, 'Consequuntur sed magnam provident aut fugiat et.', NULL, '1975-05-20 22:19:45', '1974-08-14 12:59:02', NULL);
INSERT INTO `question` (`id`, `quiz_id`, `question`, `attachedFile`, `stamp_created`, `stamp_updated`, `file`) VALUES (44, 4, 'Placeat temporibus dolorem doloribus eius dolor eveniet iste.', NULL, '1990-12-19 23:50:09', '1995-11-05 14:12:35', NULL);
INSERT INTO `question` (`id`, `quiz_id`, `question`, `attachedFile`, `stamp_created`, `stamp_updated`, `file`) VALUES (45, 5, 'At aut atque esse et earum corrupti.', NULL, '2007-10-10 21:58:12', '1978-12-23 17:06:04', NULL);
INSERT INTO `question` (`id`, `quiz_id`, `question`, `attachedFile`, `stamp_created`, `stamp_updated`, `file`) VALUES (46, 6, 'Nemo aliquam quis eius dignissimos quae rerum placeat laborum.', NULL, '1975-07-30 18:07:29', '1970-10-29 20:14:14', NULL);
INSERT INTO `question` (`id`, `quiz_id`, `question`, `attachedFile`, `stamp_created`, `stamp_updated`, `file`) VALUES (47, 7, 'Ut quod qui ducimus esse debitis.', NULL, '1977-04-26 09:58:30', '1970-06-29 20:35:50', NULL);
INSERT INTO `question` (`id`, `quiz_id`, `question`, `attachedFile`, `stamp_created`, `stamp_updated`, `file`) VALUES (48, 8, 'Dolor ratione aliquid placeat nemo illum.', NULL, '1980-11-25 06:02:47', '1990-07-31 14:06:14', NULL);
INSERT INTO `question` (`id`, `quiz_id`, `question`, `attachedFile`, `stamp_created`, `stamp_updated`, `file`) VALUES (49, 9, 'Mollitia exercitationem sint doloremque nostrum qui optio nostrum.', NULL, '1982-07-04 16:25:24', '2000-08-03 11:58:40', NULL);
INSERT INTO `question` (`id`, `quiz_id`, `question`, `attachedFile`, `stamp_created`, `stamp_updated`, `file`) VALUES (50, 10, 'Inventore omnis sit asperiores repellendus ut dolor quaerat nostrum.', NULL, '1976-07-31 18:02:27', '1994-03-20 19:31:03', NULL);
INSERT INTO `question` (`id`, `quiz_id`, `question`, `attachedFile`, `stamp_created`, `stamp_updated`, `file`) VALUES (51, 11, 'Placeat ipsam ducimus neque quo sit commodi rerum saepe.', NULL, '2000-04-27 07:22:50', '1977-07-22 11:03:58', NULL);
INSERT INTO `question` (`id`, `quiz_id`, `question`, `attachedFile`, `stamp_created`, `stamp_updated`, `file`) VALUES (52, 12, 'Dolores quisquam suscipit fugit cum.', NULL, '1973-10-14 10:31:15', '1984-10-03 11:14:50', NULL);
INSERT INTO `question` (`id`, `quiz_id`, `question`, `attachedFile`, `stamp_created`, `stamp_updated`, `file`) VALUES (53, 13, 'Rem voluptates rem officiis et corporis.', NULL, '1998-10-04 06:22:34', '1971-03-23 15:25:58', NULL);
INSERT INTO `question` (`id`, `quiz_id`, `question`, `attachedFile`, `stamp_created`, `stamp_updated`, `file`) VALUES (54, 14, 'Cum tempora odit nisi quisquam vel quibusdam reprehenderit.', NULL, '2003-10-27 00:58:39', '2006-03-10 10:18:59', NULL);
INSERT INTO `question` (`id`, `quiz_id`, `question`, `attachedFile`, `stamp_created`, `stamp_updated`, `file`) VALUES (55, 15, 'Dolor sit qui est asperiores rerum quo exercitationem maxime.', NULL, '2005-03-12 15:33:11', '1997-05-17 08:18:12', NULL);
INSERT INTO `question` (`id`, `quiz_id`, `question`, `attachedFile`, `stamp_created`, `stamp_updated`, `file`) VALUES (56, 16, 'Rerum est voluptas et error dolore.', NULL, '1995-06-20 20:32:52', '1982-11-01 06:41:12', NULL);
INSERT INTO `question` (`id`, `quiz_id`, `question`, `attachedFile`, `stamp_created`, `stamp_updated`, `file`) VALUES (57, 17, 'In facere perferendis iure nisi natus.', NULL, '2000-03-14 20:11:11', '2010-04-11 12:48:53', NULL);
INSERT INTO `question` (`id`, `quiz_id`, `question`, `attachedFile`, `stamp_created`, `stamp_updated`, `file`) VALUES (58, 18, 'Cumque possimus molestiae ut consectetur dolor fuga.', NULL, '1974-03-19 22:42:05', '2010-09-18 07:44:00', NULL);
INSERT INTO `question` (`id`, `quiz_id`, `question`, `attachedFile`, `stamp_created`, `stamp_updated`, `file`) VALUES (59, 19, 'Ut et accusantium similique architecto amet.', NULL, '1994-04-19 17:10:34', '2004-12-23 09:30:03', NULL);
INSERT INTO `question` (`id`, `quiz_id`, `question`, `attachedFile`, `stamp_created`, `stamp_updated`, `file`) VALUES (60, 20, 'Est dicta et ut ut.', NULL, '2004-06-10 08:41:44', '1981-11-10 22:44:28', NULL);
INSERT INTO `question` (`id`, `quiz_id`, `question`, `attachedFile`, `stamp_created`, `stamp_updated`, `file`) VALUES (61, 1, 'Sunt aut maiores accusantium.', NULL, '2000-10-20 01:43:22', '1988-12-23 01:31:24', NULL);
INSERT INTO `question` (`id`, `quiz_id`, `question`, `attachedFile`, `stamp_created`, `stamp_updated`, `file`) VALUES (62, 2, 'Est rem recusandae eos alias quidem dolores et.', NULL, '1984-03-18 07:55:26', '2012-08-19 18:10:52', NULL);
INSERT INTO `question` (`id`, `quiz_id`, `question`, `attachedFile`, `stamp_created`, `stamp_updated`, `file`) VALUES (63, 3, 'Animi alias nemo aut animi assumenda et.', NULL, '1979-05-07 05:03:31', '2014-08-25 17:25:40', NULL);
INSERT INTO `question` (`id`, `quiz_id`, `question`, `attachedFile`, `stamp_created`, `stamp_updated`, `file`) VALUES (64, 4, 'Distinctio aut nostrum illum ut modi non.', NULL, '1996-08-26 01:25:27', '2010-12-22 23:08:17', NULL);
INSERT INTO `question` (`id`, `quiz_id`, `question`, `attachedFile`, `stamp_created`, `stamp_updated`, `file`) VALUES (65, 5, 'In aliquid occaecati qui provident.', NULL, '1982-08-27 04:27:11', '1980-08-05 21:52:30', NULL);
INSERT INTO `question` (`id`, `quiz_id`, `question`, `attachedFile`, `stamp_created`, `stamp_updated`, `file`) VALUES (66, 6, 'Est et eum alias est laboriosam est molestiae.', NULL, '1998-03-23 15:42:07', '1991-07-08 15:33:09', NULL);
INSERT INTO `question` (`id`, `quiz_id`, `question`, `attachedFile`, `stamp_created`, `stamp_updated`, `file`) VALUES (67, 7, 'Vero voluptate sunt expedita qui aut eveniet.', NULL, '1983-05-11 23:28:41', '1986-04-15 05:16:04', NULL);
INSERT INTO `question` (`id`, `quiz_id`, `question`, `attachedFile`, `stamp_created`, `stamp_updated`, `file`) VALUES (68, 8, 'Pariatur accusamus culpa fugiat corrupti.', NULL, '1992-06-24 03:35:11', '2000-02-06 18:30:09', NULL);
INSERT INTO `question` (`id`, `quiz_id`, `question`, `attachedFile`, `stamp_created`, `stamp_updated`, `file`) VALUES (69, 9, 'Ut aut quis necessitatibus velit quas ut voluptatem.', NULL, '1990-08-09 02:06:30', '2018-07-10 13:20:26', NULL);
INSERT INTO `question` (`id`, `quiz_id`, `question`, `attachedFile`, `stamp_created`, `stamp_updated`, `file`) VALUES (70, 10, 'Earum quis dolorem quo nihil.', NULL, '1981-08-01 06:12:10', '1975-03-26 13:12:07', NULL);
INSERT INTO `question` (`id`, `quiz_id`, `question`, `attachedFile`, `stamp_created`, `stamp_updated`, `file`) VALUES (71, 11, 'Odio omnis unde aperiam sit.', NULL, '1998-03-24 02:21:00', '1970-08-07 08:57:28', NULL);
INSERT INTO `question` (`id`, `quiz_id`, `question`, `attachedFile`, `stamp_created`, `stamp_updated`, `file`) VALUES (72, 12, 'Ea dolores deserunt provident earum est.', NULL, '1979-10-11 12:21:57', '1998-07-09 08:49:08', NULL);
INSERT INTO `question` (`id`, `quiz_id`, `question`, `attachedFile`, `stamp_created`, `stamp_updated`, `file`) VALUES (73, 13, 'Aut voluptas vitae hic quia voluptatem asperiores laboriosam eveniet.', NULL, '2004-06-30 06:14:25', '1993-04-25 09:38:51', NULL);
INSERT INTO `question` (`id`, `quiz_id`, `question`, `attachedFile`, `stamp_created`, `stamp_updated`, `file`) VALUES (74, 14, 'Veritatis cupiditate nostrum facere exercitationem.', NULL, '1984-09-09 01:59:34', '2017-10-22 23:27:57', NULL);
INSERT INTO `question` (`id`, `quiz_id`, `question`, `attachedFile`, `stamp_created`, `stamp_updated`, `file`) VALUES (75, 15, 'Enim quis velit consequatur quo.', NULL, '2000-11-08 21:02:05', '1996-12-23 03:35:23', NULL);
INSERT INTO `question` (`id`, `quiz_id`, `question`, `attachedFile`, `stamp_created`, `stamp_updated`, `file`) VALUES (76, 16, 'Ipsum et quia maxime.', NULL, '1989-12-25 21:51:46', '2000-08-07 18:49:34', NULL);
INSERT INTO `question` (`id`, `quiz_id`, `question`, `attachedFile`, `stamp_created`, `stamp_updated`, `file`) VALUES (77, 17, 'Consequatur vero aspernatur rerum corporis eveniet ducimus sint molestiae.', NULL, '1982-05-20 16:12:37', '1999-10-24 16:36:40', NULL);
INSERT INTO `question` (`id`, `quiz_id`, `question`, `attachedFile`, `stamp_created`, `stamp_updated`, `file`) VALUES (78, 18, 'Nobis similique eum quasi nesciunt velit.', NULL, '1992-10-30 18:47:41', '1987-11-03 01:22:01', NULL);
INSERT INTO `question` (`id`, `quiz_id`, `question`, `attachedFile`, `stamp_created`, `stamp_updated`, `file`) VALUES (79, 19, 'Deserunt et expedita aliquid voluptatibus sint.', NULL, '2014-12-06 00:43:14', '1991-03-14 07:06:23', NULL);
INSERT INTO `question` (`id`, `quiz_id`, `question`, `attachedFile`, `stamp_created`, `stamp_updated`, `file`) VALUES (80, 20, 'Rem dolor voluptatibus mollitia consectetur sit voluptate officia.', NULL, '2019-07-26 12:04:05', '2005-06-08 22:13:18', NULL);
INSERT INTO `question` (`id`, `quiz_id`, `question`, `attachedFile`, `stamp_created`, `stamp_updated`, `file`) VALUES (81, 1, 'Quas ut excepturi et et non qui asperiores.', NULL, '1992-05-01 10:08:22', '1995-01-14 02:32:30', NULL);
INSERT INTO `question` (`id`, `quiz_id`, `question`, `attachedFile`, `stamp_created`, `stamp_updated`, `file`) VALUES (82, 2, 'Ducimus maiores quo ipsum ullam.', NULL, '2011-09-07 07:04:55', '1984-09-09 09:29:21', NULL);
INSERT INTO `question` (`id`, `quiz_id`, `question`, `attachedFile`, `stamp_created`, `stamp_updated`, `file`) VALUES (83, 3, 'Voluptas voluptas consequatur veritatis voluptates voluptas quasi.', NULL, '1980-06-12 02:13:26', '2021-01-23 09:48:31', NULL);
INSERT INTO `question` (`id`, `quiz_id`, `question`, `attachedFile`, `stamp_created`, `stamp_updated`, `file`) VALUES (84, 4, 'Aperiam sed vero enim quas.', NULL, '1997-12-29 17:42:00', '1978-09-22 18:48:22', NULL);
INSERT INTO `question` (`id`, `quiz_id`, `question`, `attachedFile`, `stamp_created`, `stamp_updated`, `file`) VALUES (85, 5, 'Odio ratione rem sint doloremque quam.', NULL, '1982-10-19 01:13:04', '2006-02-21 09:08:29', NULL);
INSERT INTO `question` (`id`, `quiz_id`, `question`, `attachedFile`, `stamp_created`, `stamp_updated`, `file`) VALUES (86, 6, 'Quasi sunt sit est perferendis.', NULL, '1977-01-12 20:32:18', '1982-07-07 19:03:27', NULL);
INSERT INTO `question` (`id`, `quiz_id`, `question`, `attachedFile`, `stamp_created`, `stamp_updated`, `file`) VALUES (87, 7, 'Facere corrupti maiores sed eum laboriosam et.', NULL, '1993-02-25 15:22:29', '2003-06-17 22:20:15', NULL);
INSERT INTO `question` (`id`, `quiz_id`, `question`, `attachedFile`, `stamp_created`, `stamp_updated`, `file`) VALUES (88, 8, 'Deserunt et est cumque quia.', NULL, '2002-09-14 23:36:24', '2016-06-26 03:11:27', NULL);
INSERT INTO `question` (`id`, `quiz_id`, `question`, `attachedFile`, `stamp_created`, `stamp_updated`, `file`) VALUES (89, 9, 'Consequatur est distinctio aut quo.', NULL, '2015-04-02 10:50:13', '2004-08-14 16:38:16', NULL);
INSERT INTO `question` (`id`, `quiz_id`, `question`, `attachedFile`, `stamp_created`, `stamp_updated`, `file`) VALUES (90, 10, 'Quisquam id in cum velit porro quos alias nihil.', NULL, '2005-02-26 17:59:39', '2001-09-03 03:09:00', NULL);
INSERT INTO `question` (`id`, `quiz_id`, `question`, `attachedFile`, `stamp_created`, `stamp_updated`, `file`) VALUES (91, 11, 'Et aliquam delectus nihil exercitationem.', NULL, '2004-12-20 03:43:59', '1999-04-27 17:56:23', NULL);
INSERT INTO `question` (`id`, `quiz_id`, `question`, `attachedFile`, `stamp_created`, `stamp_updated`, `file`) VALUES (92, 12, 'Aut consequatur et quas rem.', NULL, '1982-04-21 23:56:14', '1995-04-27 00:34:22', NULL);
INSERT INTO `question` (`id`, `quiz_id`, `question`, `attachedFile`, `stamp_created`, `stamp_updated`, `file`) VALUES (93, 13, 'A beatae minima quos quod dicta.', NULL, '1974-10-27 14:47:01', '2009-09-17 18:57:44', NULL);
INSERT INTO `question` (`id`, `quiz_id`, `question`, `attachedFile`, `stamp_created`, `stamp_updated`, `file`) VALUES (94, 14, 'Nemo veniam quis quibusdam est voluptatem laborum.', NULL, '1986-02-03 18:59:12', '1980-06-29 21:46:03', NULL);
INSERT INTO `question` (`id`, `quiz_id`, `question`, `attachedFile`, `stamp_created`, `stamp_updated`, `file`) VALUES (95, 15, 'Tempora a quo dolores necessitatibus quos impedit ullam.', NULL, '1990-10-02 19:07:42', '1982-01-09 03:12:55', NULL);
INSERT INTO `question` (`id`, `quiz_id`, `question`, `attachedFile`, `stamp_created`, `stamp_updated`, `file`) VALUES (96, 16, 'Fugiat eius est eum fugit iure.', NULL, '1992-04-21 23:52:43', '1980-02-08 04:36:55', NULL);
INSERT INTO `question` (`id`, `quiz_id`, `question`, `attachedFile`, `stamp_created`, `stamp_updated`, `file`) VALUES (97, 17, 'Qui explicabo sed quia aut exercitationem.', NULL, '2002-12-28 16:02:56', '1979-03-21 22:50:36', NULL);
INSERT INTO `question` (`id`, `quiz_id`, `question`, `attachedFile`, `stamp_created`, `stamp_updated`, `file`) VALUES (98, 18, 'Est fugit explicabo dignissimos quibusdam.', NULL, '2005-08-26 03:37:49', '1979-02-13 06:00:22', NULL);
INSERT INTO `question` (`id`, `quiz_id`, `question`, `attachedFile`, `stamp_created`, `stamp_updated`, `file`) VALUES (99, 19, 'Non repellat iste corporis amet qui nam laboriosam consequatur.', NULL, '2003-08-08 02:09:53', '1999-10-24 04:54:17', NULL);
INSERT INTO `question` (`id`, `quiz_id`, `question`, `attachedFile`, `stamp_created`, `stamp_updated`, `file`) VALUES (100, 20, 'Corporis sed aspernatur totam molestias sunt.', NULL, '2014-06-04 14:14:38', '2006-10-31 05:32:29', NULL);


INSERT INTO `answer` (`id`, `question_id`, `isCorrect`, `answer`, `stamp_created`, `stamp_updated`, `correct_answer`) VALUES (1, 1, NULL, 'Accusantium inventore minima excepturi eligendi sint nesciunt.', '1995-02-12 19:04:25', '2006-09-17 09:21:03', 0);
INSERT INTO `answer` (`id`, `question_id`, `isCorrect`, `answer`, `stamp_created`, `stamp_updated`, `correct_answer`) VALUES (2, 2, NULL, 'Necessitatibus ad qui repudiandae nemo.', '2018-10-05 23:20:07', '1977-07-16 14:06:02', 0);
INSERT INTO `answer` (`id`, `question_id`, `isCorrect`, `answer`, `stamp_created`, `stamp_updated`, `correct_answer`) VALUES (3, 3, NULL, 'Id repellendus quis fuga natus porro consequatur et.', '1986-02-28 14:40:16', '1991-07-04 05:35:28', 0);
INSERT INTO `answer` (`id`, `question_id`, `isCorrect`, `answer`, `stamp_created`, `stamp_updated`, `correct_answer`) VALUES (4, 4, NULL, 'Numquam aut pariatur provident autem.', '2015-06-07 05:56:45', '2011-05-23 07:19:05', 0);
INSERT INTO `answer` (`id`, `question_id`, `isCorrect`, `answer`, `stamp_created`, `stamp_updated`, `correct_answer`) VALUES (5, 5, NULL, 'Autem dicta ex sint minus ut nam.', '1978-06-23 11:20:32', '2012-01-19 09:26:51', 0);
INSERT INTO `answer` (`id`, `question_id`, `isCorrect`, `answer`, `stamp_created`, `stamp_updated`, `correct_answer`) VALUES (6, 6, NULL, 'Aut accusantium dolore nihil dolorem et.', '2003-07-16 05:29:59', '1980-08-13 00:52:09', 0);
INSERT INTO `answer` (`id`, `question_id`, `isCorrect`, `answer`, `stamp_created`, `stamp_updated`, `correct_answer`) VALUES (7, 7, NULL, 'Quia voluptatem maiores numquam quos corrupti est.', '1993-08-05 05:44:58', '2008-11-29 20:29:20', 0);
INSERT INTO `answer` (`id`, `question_id`, `isCorrect`, `answer`, `stamp_created`, `stamp_updated`, `correct_answer`) VALUES (8, 8, NULL, 'Quibusdam placeat perferendis delectus ipsum id occaecati voluptatem.', '1994-12-16 02:03:05', '1994-06-25 21:23:22', 0);
INSERT INTO `answer` (`id`, `question_id`, `isCorrect`, `answer`, `stamp_created`, `stamp_updated`, `correct_answer`) VALUES (9, 9, NULL, 'Nobis recusandae omnis quis dolorum reiciendis enim aut.', '2007-10-27 14:52:16', '2009-11-25 07:32:22', 0);
INSERT INTO `answer` (`id`, `question_id`, `isCorrect`, `answer`, `stamp_created`, `stamp_updated`, `correct_answer`) VALUES (10, 10, NULL, 'Eos a harum tenetur.', '1982-02-11 22:24:43', '1978-03-11 23:54:04', 0);
INSERT INTO `answer` (`id`, `question_id`, `isCorrect`, `answer`, `stamp_created`, `stamp_updated`, `correct_answer`) VALUES (11, 11, NULL, 'Quos expedita repudiandae quas consequatur aut labore maiores.', '2012-07-17 12:50:33', '2002-10-22 11:42:40', 0);
INSERT INTO `answer` (`id`, `question_id`, `isCorrect`, `answer`, `stamp_created`, `stamp_updated`, `correct_answer`) VALUES (12, 12, NULL, 'Optio suscipit et praesentium qui molestiae blanditiis tenetur.', '1993-06-20 06:21:16', '2000-05-25 06:41:59', 0);
INSERT INTO `answer` (`id`, `question_id`, `isCorrect`, `answer`, `stamp_created`, `stamp_updated`, `correct_answer`) VALUES (13, 13, NULL, 'Odio assumenda sit omnis architecto iure sit.', '1980-11-14 15:04:42', '2011-06-18 21:51:59', 0);
INSERT INTO `answer` (`id`, `question_id`, `isCorrect`, `answer`, `stamp_created`, `stamp_updated`, `correct_answer`) VALUES (14, 14, NULL, 'Reprehenderit harum nemo aut consequatur nemo.', '1987-06-03 14:01:43', '1988-09-13 12:57:45', 0);
INSERT INTO `answer` (`id`, `question_id`, `isCorrect`, `answer`, `stamp_created`, `stamp_updated`, `correct_answer`) VALUES (15, 15, NULL, 'Necessitatibus vitae dolor est consequatur quidem velit earum non.', '2020-03-14 06:30:35', '1983-11-20 14:59:48', 0);
INSERT INTO `answer` (`id`, `question_id`, `isCorrect`, `answer`, `stamp_created`, `stamp_updated`, `correct_answer`) VALUES (16, 16, NULL, 'Ut aliquam id labore excepturi.', '2014-10-18 14:51:54', '1998-05-05 16:30:24', 0);
INSERT INTO `answer` (`id`, `question_id`, `isCorrect`, `answer`, `stamp_created`, `stamp_updated`, `correct_answer`) VALUES (17, 17, NULL, 'Non culpa vel officia dicta qui commodi commodi nostrum.', '2004-11-30 13:41:26', '2005-10-08 18:52:38', 0);
INSERT INTO `answer` (`id`, `question_id`, `isCorrect`, `answer`, `stamp_created`, `stamp_updated`, `correct_answer`) VALUES (18, 18, NULL, 'Illo quia dolor in doloremque.', '1977-08-20 01:36:29', '2004-08-17 02:11:20', 0);
INSERT INTO `answer` (`id`, `question_id`, `isCorrect`, `answer`, `stamp_created`, `stamp_updated`, `correct_answer`) VALUES (19, 19, NULL, 'Qui neque sint qui vitae unde.', '1999-03-22 18:41:06', '1974-02-11 19:17:47', 0);
INSERT INTO `answer` (`id`, `question_id`, `isCorrect`, `answer`, `stamp_created`, `stamp_updated`, `correct_answer`) VALUES (20, 20, NULL, 'Ratione accusantium rem architecto eveniet libero cum sint.', '2013-07-01 05:57:45', '1983-10-23 17:07:09', 0);
INSERT INTO `answer` (`id`, `question_id`, `isCorrect`, `answer`, `stamp_created`, `stamp_updated`, `correct_answer`) VALUES (21, 21, NULL, 'Eos minus et eligendi quaerat.', '1973-01-26 06:36:05', '2002-05-02 17:54:34', 0);
INSERT INTO `answer` (`id`, `question_id`, `isCorrect`, `answer`, `stamp_created`, `stamp_updated`, `correct_answer`) VALUES (22, 22, NULL, 'Illum suscipit omnis vel culpa odio.', '2012-08-11 06:55:41', '1998-10-02 03:02:43', 0);
INSERT INTO `answer` (`id`, `question_id`, `isCorrect`, `answer`, `stamp_created`, `stamp_updated`, `correct_answer`) VALUES (23, 23, NULL, 'Et vel placeat dolor ipsum in et fuga.', '2012-09-18 07:21:49', '2012-09-27 23:06:26', 0);
INSERT INTO `answer` (`id`, `question_id`, `isCorrect`, `answer`, `stamp_created`, `stamp_updated`, `correct_answer`) VALUES (24, 24, NULL, 'Nesciunt velit quam ipsam doloremque est tenetur.', '1996-10-10 00:02:14', '1971-05-07 04:52:10', 0);
INSERT INTO `answer` (`id`, `question_id`, `isCorrect`, `answer`, `stamp_created`, `stamp_updated`, `correct_answer`) VALUES (25, 25, NULL, 'Et exercitationem consequatur ut ut cumque assumenda et voluptate.', '2007-02-12 06:28:03', '1993-12-24 07:26:14', 0);
INSERT INTO `answer` (`id`, `question_id`, `isCorrect`, `answer`, `stamp_created`, `stamp_updated`, `correct_answer`) VALUES (26, 26, NULL, 'Et qui nam nisi assumenda.', '1980-02-16 09:39:51', '1998-05-17 14:47:45', 0);
INSERT INTO `answer` (`id`, `question_id`, `isCorrect`, `answer`, `stamp_created`, `stamp_updated`, `correct_answer`) VALUES (27, 27, NULL, 'Dolorum deleniti qui est consequuntur consequatur sit.', '1975-05-19 09:41:52', '1975-09-22 00:00:33', 0);
INSERT INTO `answer` (`id`, `question_id`, `isCorrect`, `answer`, `stamp_created`, `stamp_updated`, `correct_answer`) VALUES (28, 28, NULL, 'Voluptates rerum temporibus fuga veritatis dolorem perspiciatis occaecati explicabo.', '1991-09-13 03:34:15', '2018-05-03 10:51:30', 0);
INSERT INTO `answer` (`id`, `question_id`, `isCorrect`, `answer`, `stamp_created`, `stamp_updated`, `correct_answer`) VALUES (29, 29, NULL, 'Impedit rerum voluptatem non quia sint maiores.', '1990-05-31 00:57:44', '1996-08-25 12:18:13', 0);
INSERT INTO `answer` (`id`, `question_id`, `isCorrect`, `answer`, `stamp_created`, `stamp_updated`, `correct_answer`) VALUES (30, 30, NULL, 'Sit possimus itaque sint nobis similique totam ut.', '1999-07-02 21:26:56', '1977-03-07 08:33:56', 0);
INSERT INTO `answer` (`id`, `question_id`, `isCorrect`, `answer`, `stamp_created`, `stamp_updated`, `correct_answer`) VALUES (31, 31, NULL, 'Incidunt doloribus et dolorem omnis.', '2005-02-19 07:40:07', '2016-01-29 16:04:44', 0);
INSERT INTO `answer` (`id`, `question_id`, `isCorrect`, `answer`, `stamp_created`, `stamp_updated`, `correct_answer`) VALUES (32, 32, NULL, 'Deleniti quidem quasi sit ut qui.', '2013-08-01 17:38:33', '1976-02-09 08:45:44', 0);
INSERT INTO `answer` (`id`, `question_id`, `isCorrect`, `answer`, `stamp_created`, `stamp_updated`, `correct_answer`) VALUES (33, 33, NULL, 'Dolorum dolore exercitationem maxime aut quaerat quis.', '2014-08-05 01:20:47', '1994-01-08 00:30:33', 0);
INSERT INTO `answer` (`id`, `question_id`, `isCorrect`, `answer`, `stamp_created`, `stamp_updated`, `correct_answer`) VALUES (34, 34, NULL, 'Iusto cupiditate veniam aperiam quo.', '2018-02-24 23:23:22', '1996-11-06 16:10:23', 0);
INSERT INTO `answer` (`id`, `question_id`, `isCorrect`, `answer`, `stamp_created`, `stamp_updated`, `correct_answer`) VALUES (35, 35, NULL, 'Ad veniam vitae laborum fugiat nemo et nostrum.', '1970-09-02 16:42:10', '1979-08-20 15:10:00', 0);
INSERT INTO `answer` (`id`, `question_id`, `isCorrect`, `answer`, `stamp_created`, `stamp_updated`, `correct_answer`) VALUES (36, 36, NULL, 'Tempore ipsa praesentium aut porro reiciendis.', '2017-02-12 07:21:54', '1972-09-30 07:49:49', 0);
INSERT INTO `answer` (`id`, `question_id`, `isCorrect`, `answer`, `stamp_created`, `stamp_updated`, `correct_answer`) VALUES (37, 37, NULL, 'Animi dignissimos aliquid beatae et quo dicta.', '2018-09-19 04:44:41', '2002-05-25 23:34:46', 0);
INSERT INTO `answer` (`id`, `question_id`, `isCorrect`, `answer`, `stamp_created`, `stamp_updated`, `correct_answer`) VALUES (38, 38, NULL, 'Molestiae quis quod perspiciatis temporibus est harum.', '2012-01-24 20:56:14', '1975-11-04 20:48:13', 0);
INSERT INTO `answer` (`id`, `question_id`, `isCorrect`, `answer`, `stamp_created`, `stamp_updated`, `correct_answer`) VALUES (39, 39, NULL, 'Accusamus cupiditate recusandae quo est eum et.', '2004-01-06 02:46:53', '1998-08-31 18:16:39', 0);
INSERT INTO `answer` (`id`, `question_id`, `isCorrect`, `answer`, `stamp_created`, `stamp_updated`, `correct_answer`) VALUES (40, 40, NULL, 'Et blanditiis aut dolor optio sunt.', '2016-01-07 20:56:15', '2010-10-05 10:32:17', 0);
INSERT INTO `answer` (`id`, `question_id`, `isCorrect`, `answer`, `stamp_created`, `stamp_updated`, `correct_answer`) VALUES (41, 41, NULL, 'Aspernatur necessitatibus molestias aut odio nobis aspernatur autem aut.', '1980-04-08 13:43:19', '1972-03-21 20:25:51', 0);
INSERT INTO `answer` (`id`, `question_id`, `isCorrect`, `answer`, `stamp_created`, `stamp_updated`, `correct_answer`) VALUES (42, 42, NULL, 'Molestiae illum itaque quo cumque asperiores.', '1973-03-09 22:14:23', '2006-08-21 10:50:08', 0);
INSERT INTO `answer` (`id`, `question_id`, `isCorrect`, `answer`, `stamp_created`, `stamp_updated`, `correct_answer`) VALUES (43, 43, NULL, 'Quisquam et rerum dolor tempora dolorem quam.', '2000-07-03 05:30:49', '2016-03-17 15:48:33', 0);
INSERT INTO `answer` (`id`, `question_id`, `isCorrect`, `answer`, `stamp_created`, `stamp_updated`, `correct_answer`) VALUES (44, 44, NULL, 'Ipsum iure tempora tenetur necessitatibus tempore eaque.', '2014-09-23 05:43:14', '2019-06-11 16:20:28', 0);
INSERT INTO `answer` (`id`, `question_id`, `isCorrect`, `answer`, `stamp_created`, `stamp_updated`, `correct_answer`) VALUES (45, 45, NULL, 'Culpa quia enim velit est.', '1981-04-17 16:27:51', '1972-05-20 14:49:10', 0);
INSERT INTO `answer` (`id`, `question_id`, `isCorrect`, `answer`, `stamp_created`, `stamp_updated`, `correct_answer`) VALUES (46, 46, NULL, 'Atque dolorem in molestiae ut omnis atque.', '1971-10-22 07:07:25', '1990-06-03 23:30:36', 0);
INSERT INTO `answer` (`id`, `question_id`, `isCorrect`, `answer`, `stamp_created`, `stamp_updated`, `correct_answer`) VALUES (47, 47, NULL, 'Omnis voluptas labore aliquam nisi dolorem quidem vitae.', '2010-04-02 10:31:56', '1987-11-09 06:52:58', 0);
INSERT INTO `answer` (`id`, `question_id`, `isCorrect`, `answer`, `stamp_created`, `stamp_updated`, `correct_answer`) VALUES (48, 48, NULL, 'Molestias suscipit reprehenderit quas ipsa odio rerum.', '2007-03-03 15:27:28', '1973-12-20 01:35:36', 0);
INSERT INTO `answer` (`id`, `question_id`, `isCorrect`, `answer`, `stamp_created`, `stamp_updated`, `correct_answer`) VALUES (49, 49, NULL, 'Ut tempora maiores molestiae quia quis.', '2003-04-01 12:13:05', '1991-12-15 17:05:17', 0);
INSERT INTO `answer` (`id`, `question_id`, `isCorrect`, `answer`, `stamp_created`, `stamp_updated`, `correct_answer`) VALUES (50, 50, NULL, 'Dolorem illo eum deleniti numquam.', '1970-05-24 19:34:43', '2004-02-03 20:42:07', 0);
INSERT INTO `answer` (`id`, `question_id`, `isCorrect`, `answer`, `stamp_created`, `stamp_updated`, `correct_answer`) VALUES (51, 51, NULL, 'Nihil vel magni rerum velit.', '1972-01-25 01:01:18', '1995-06-14 15:47:40', 0);
INSERT INTO `answer` (`id`, `question_id`, `isCorrect`, `answer`, `stamp_created`, `stamp_updated`, `correct_answer`) VALUES (52, 52, NULL, 'Ullam repellendus quidem maiores cum deserunt est est.', '2007-10-17 15:33:26', '1995-03-23 00:58:55', 0);
INSERT INTO `answer` (`id`, `question_id`, `isCorrect`, `answer`, `stamp_created`, `stamp_updated`, `correct_answer`) VALUES (53, 53, NULL, 'In est vero et tenetur.', '1984-12-02 04:03:44', '1977-10-15 05:04:53', 0);
INSERT INTO `answer` (`id`, `question_id`, `isCorrect`, `answer`, `stamp_created`, `stamp_updated`, `correct_answer`) VALUES (54, 54, NULL, 'Rerum qui in laudantium veritatis voluptatem molestias et.', '1998-02-10 07:59:34', '1982-01-23 18:23:48', 0);
INSERT INTO `answer` (`id`, `question_id`, `isCorrect`, `answer`, `stamp_created`, `stamp_updated`, `correct_answer`) VALUES (55, 55, NULL, 'Repellendus perferendis fuga explicabo.', '1988-10-06 04:52:44', '2005-03-01 07:05:47', 0);
INSERT INTO `answer` (`id`, `question_id`, `isCorrect`, `answer`, `stamp_created`, `stamp_updated`, `correct_answer`) VALUES (56, 56, NULL, 'Tempore nesciunt non nam deserunt.', '2009-03-11 13:49:05', '1995-09-26 14:01:12', 0);
INSERT INTO `answer` (`id`, `question_id`, `isCorrect`, `answer`, `stamp_created`, `stamp_updated`, `correct_answer`) VALUES (57, 57, NULL, 'Error aut neque natus ullam.', '1980-08-09 07:22:25', '1993-12-12 21:36:44', 0);
INSERT INTO `answer` (`id`, `question_id`, `isCorrect`, `answer`, `stamp_created`, `stamp_updated`, `correct_answer`) VALUES (58, 58, NULL, 'Quia nemo at tenetur dolorem.', '1995-06-07 10:40:12', '1983-06-13 07:03:27', 0);
INSERT INTO `answer` (`id`, `question_id`, `isCorrect`, `answer`, `stamp_created`, `stamp_updated`, `correct_answer`) VALUES (59, 59, NULL, 'Maxime vel et magnam vel sapiente expedita.', '2008-09-04 17:41:52', '2008-05-07 15:20:41', 0);
INSERT INTO `answer` (`id`, `question_id`, `isCorrect`, `answer`, `stamp_created`, `stamp_updated`, `correct_answer`) VALUES (60, 60, NULL, 'Id sequi a eaque.', '2011-03-28 03:58:15', '2013-04-23 13:24:44', 0);
INSERT INTO `answer` (`id`, `question_id`, `isCorrect`, `answer`, `stamp_created`, `stamp_updated`, `correct_answer`) VALUES (61, 61, NULL, 'Iste fuga qui dolor quidem et molestias.', '1994-03-25 17:00:08', '1988-07-22 07:16:25', 0);
INSERT INTO `answer` (`id`, `question_id`, `isCorrect`, `answer`, `stamp_created`, `stamp_updated`, `correct_answer`) VALUES (62, 62, NULL, 'Numquam enim aut quam officia.', '2016-09-10 20:22:17', '1986-09-15 22:01:09', 0);
INSERT INTO `answer` (`id`, `question_id`, `isCorrect`, `answer`, `stamp_created`, `stamp_updated`, `correct_answer`) VALUES (63, 63, NULL, 'Et ducimus eius necessitatibus voluptatem nam.', '1985-12-22 19:07:18', '1971-06-16 09:44:05', 0);
INSERT INTO `answer` (`id`, `question_id`, `isCorrect`, `answer`, `stamp_created`, `stamp_updated`, `correct_answer`) VALUES (64, 64, NULL, 'Reprehenderit placeat ut tempora nostrum ut animi.', '2016-07-17 22:56:46', '2019-02-12 07:47:42', 0);
INSERT INTO `answer` (`id`, `question_id`, `isCorrect`, `answer`, `stamp_created`, `stamp_updated`, `correct_answer`) VALUES (65, 65, NULL, 'Ducimus excepturi minus blanditiis ipsa voluptas.', '2001-05-30 04:27:56', '1997-10-26 18:15:42', 0);
INSERT INTO `answer` (`id`, `question_id`, `isCorrect`, `answer`, `stamp_created`, `stamp_updated`, `correct_answer`) VALUES (66, 66, NULL, 'Consequatur illum eos tempora voluptatum fugiat cum eveniet reprehenderit.', '1978-09-27 09:16:58', '2006-04-26 02:57:17', 0);
INSERT INTO `answer` (`id`, `question_id`, `isCorrect`, `answer`, `stamp_created`, `stamp_updated`, `correct_answer`) VALUES (67, 67, NULL, 'Beatae quidem placeat incidunt incidunt optio.', '2012-04-08 11:51:51', '1998-01-15 11:34:00', 0);
INSERT INTO `answer` (`id`, `question_id`, `isCorrect`, `answer`, `stamp_created`, `stamp_updated`, `correct_answer`) VALUES (68, 68, NULL, 'Perspiciatis quia unde placeat repellendus eum.', '2017-01-18 07:32:25', '2004-12-31 23:12:48', 0);
INSERT INTO `answer` (`id`, `question_id`, `isCorrect`, `answer`, `stamp_created`, `stamp_updated`, `correct_answer`) VALUES (69, 69, NULL, 'Et sapiente enim eum aut et quo.', '1988-10-04 02:54:11', '2011-10-09 04:05:12', 0);
INSERT INTO `answer` (`id`, `question_id`, `isCorrect`, `answer`, `stamp_created`, `stamp_updated`, `correct_answer`) VALUES (70, 70, NULL, 'Est dolorem ea quis cupiditate.', '2017-03-20 11:00:23', '1994-07-04 21:13:25', 0);
INSERT INTO `answer` (`id`, `question_id`, `isCorrect`, `answer`, `stamp_created`, `stamp_updated`, `correct_answer`) VALUES (71, 71, NULL, 'Repellat porro sunt deserunt.', '2013-10-30 10:24:47', '2006-03-27 03:12:53', 0);
INSERT INTO `answer` (`id`, `question_id`, `isCorrect`, `answer`, `stamp_created`, `stamp_updated`, `correct_answer`) VALUES (72, 72, NULL, 'Assumenda sit ea cupiditate et asperiores qui inventore rem.', '1991-12-22 15:48:40', '2007-03-23 19:10:13', 0);
INSERT INTO `answer` (`id`, `question_id`, `isCorrect`, `answer`, `stamp_created`, `stamp_updated`, `correct_answer`) VALUES (73, 73, NULL, 'Vero et sunt et nihil dignissimos.', '1980-08-27 20:03:22', '2018-11-01 21:31:30', 0);
INSERT INTO `answer` (`id`, `question_id`, `isCorrect`, `answer`, `stamp_created`, `stamp_updated`, `correct_answer`) VALUES (74, 74, NULL, 'Enim qui perferendis id dolore error ut voluptatem.', '1973-08-29 11:21:11', '1993-07-02 03:11:19', 0);
INSERT INTO `answer` (`id`, `question_id`, `isCorrect`, `answer`, `stamp_created`, `stamp_updated`, `correct_answer`) VALUES (75, 75, NULL, 'Quos perferendis ab voluptas rerum.', '1991-09-05 08:02:38', '1997-01-09 12:10:31', 0);
INSERT INTO `answer` (`id`, `question_id`, `isCorrect`, `answer`, `stamp_created`, `stamp_updated`, `correct_answer`) VALUES (76, 76, NULL, 'Veritatis eum veritatis dolore aut.', '1984-12-15 07:49:39', '2014-04-12 07:40:24', 0);
INSERT INTO `answer` (`id`, `question_id`, `isCorrect`, `answer`, `stamp_created`, `stamp_updated`, `correct_answer`) VALUES (77, 77, NULL, 'Illum sed rem vel porro.', '2006-05-29 04:22:42', '1999-12-28 07:14:08', 0);
INSERT INTO `answer` (`id`, `question_id`, `isCorrect`, `answer`, `stamp_created`, `stamp_updated`, `correct_answer`) VALUES (78, 78, NULL, 'Quo quia nihil et facere et at magni sint.', '2012-11-03 10:21:29', '2011-10-27 01:26:57', 0);
INSERT INTO `answer` (`id`, `question_id`, `isCorrect`, `answer`, `stamp_created`, `stamp_updated`, `correct_answer`) VALUES (79, 79, NULL, 'In illum enim voluptas in suscipit corporis accusamus.', '1977-06-11 03:38:30', '2017-11-13 09:24:03', 0);
INSERT INTO `answer` (`id`, `question_id`, `isCorrect`, `answer`, `stamp_created`, `stamp_updated`, `correct_answer`) VALUES (80, 80, NULL, 'Suscipit autem et adipisci modi illo esse vel.', '1981-11-15 18:51:13', '2009-01-02 15:39:31', 0);
INSERT INTO `answer` (`id`, `question_id`, `isCorrect`, `answer`, `stamp_created`, `stamp_updated`, `correct_answer`) VALUES (81, 81, NULL, 'Inventore commodi nisi sit natus iure accusantium nam.', '1985-02-26 14:44:15', '2001-08-30 01:02:56', 0);
INSERT INTO `answer` (`id`, `question_id`, `isCorrect`, `answer`, `stamp_created`, `stamp_updated`, `correct_answer`) VALUES (82, 82, NULL, 'Necessitatibus est qui qui vel deleniti saepe alias.', '2001-03-03 06:03:06', '2012-09-21 00:57:25', 0);
INSERT INTO `answer` (`id`, `question_id`, `isCorrect`, `answer`, `stamp_created`, `stamp_updated`, `correct_answer`) VALUES (83, 83, NULL, 'Numquam aliquid dolor consequatur tempora.', '2016-08-07 15:44:13', '2001-09-12 15:43:52', 0);
INSERT INTO `answer` (`id`, `question_id`, `isCorrect`, `answer`, `stamp_created`, `stamp_updated`, `correct_answer`) VALUES (84, 84, NULL, 'Dolorem velit dolorum ut ducimus.', '1992-06-13 15:07:45', '1977-10-22 13:09:04', 0);
INSERT INTO `answer` (`id`, `question_id`, `isCorrect`, `answer`, `stamp_created`, `stamp_updated`, `correct_answer`) VALUES (85, 85, NULL, 'Dolorem aut omnis rerum consequatur.', '1975-11-28 22:43:14', '1976-09-26 07:24:22', 0);
INSERT INTO `answer` (`id`, `question_id`, `isCorrect`, `answer`, `stamp_created`, `stamp_updated`, `correct_answer`) VALUES (86, 86, NULL, 'Sint aut iste est a neque cum est.', '2006-08-30 09:36:21', '2005-10-02 13:32:02', 0);
INSERT INTO `answer` (`id`, `question_id`, `isCorrect`, `answer`, `stamp_created`, `stamp_updated`, `correct_answer`) VALUES (87, 87, NULL, 'Quo aut ut ratione itaque illo qui eum.', '2000-06-04 05:30:31', '1974-12-09 19:26:19', 0);
INSERT INTO `answer` (`id`, `question_id`, `isCorrect`, `answer`, `stamp_created`, `stamp_updated`, `correct_answer`) VALUES (88, 88, NULL, 'Impedit ut corporis quibusdam et ut excepturi dignissimos.', '2006-03-25 01:18:07', '2012-09-20 15:44:53', 0);
INSERT INTO `answer` (`id`, `question_id`, `isCorrect`, `answer`, `stamp_created`, `stamp_updated`, `correct_answer`) VALUES (89, 89, NULL, 'Dolorem similique blanditiis cum enim laudantium impedit sed.', '1984-02-07 19:53:05', '1996-06-29 04:25:15', 0);
INSERT INTO `answer` (`id`, `question_id`, `isCorrect`, `answer`, `stamp_created`, `stamp_updated`, `correct_answer`) VALUES (90, 90, NULL, 'Eaque eum beatae est ab maiores velit iusto.', '2006-09-04 18:09:13', '1994-10-27 04:21:16', 0);
INSERT INTO `answer` (`id`, `question_id`, `isCorrect`, `answer`, `stamp_created`, `stamp_updated`, `correct_answer`) VALUES (91, 91, NULL, 'Provident quod nemo facilis aut sunt.', '1979-12-30 10:34:31', '1982-02-04 01:46:45', 0);
INSERT INTO `answer` (`id`, `question_id`, `isCorrect`, `answer`, `stamp_created`, `stamp_updated`, `correct_answer`) VALUES (92, 92, NULL, 'Sunt ut excepturi ut voluptas.', '1988-07-16 23:20:52', '2009-02-23 13:41:39', 0);
INSERT INTO `answer` (`id`, `question_id`, `isCorrect`, `answer`, `stamp_created`, `stamp_updated`, `correct_answer`) VALUES (93, 93, NULL, 'Aliquid consequuntur autem laudantium sint dolores quia nam.', '1990-11-02 11:50:33', '1970-09-30 14:15:06', 0);
INSERT INTO `answer` (`id`, `question_id`, `isCorrect`, `answer`, `stamp_created`, `stamp_updated`, `correct_answer`) VALUES (94, 94, NULL, 'Saepe vel molestiae fugiat voluptas velit provident nihil consectetur.', '1989-07-24 08:00:47', '2012-07-28 18:14:16', 0);
INSERT INTO `answer` (`id`, `question_id`, `isCorrect`, `answer`, `stamp_created`, `stamp_updated`, `correct_answer`) VALUES (95, 95, NULL, 'Est et ad sit.', '2003-08-20 09:36:25', '1984-07-09 03:48:21', 0);
INSERT INTO `answer` (`id`, `question_id`, `isCorrect`, `answer`, `stamp_created`, `stamp_updated`, `correct_answer`) VALUES (96, 96, NULL, 'Sit doloremque accusamus et occaecati recusandae.', '2016-12-05 23:53:53', '2013-12-16 08:06:46', 0);
INSERT INTO `answer` (`id`, `question_id`, `isCorrect`, `answer`, `stamp_created`, `stamp_updated`, `correct_answer`) VALUES (97, 97, NULL, 'In molestiae sint molestias sunt id sint aspernatur.', '1971-12-08 10:03:15', '2006-03-22 18:15:16', 0);
INSERT INTO `answer` (`id`, `question_id`, `isCorrect`, `answer`, `stamp_created`, `stamp_updated`, `correct_answer`) VALUES (98, 98, NULL, 'Odit voluptatum qui est autem sint eveniet molestiae.', '1998-08-02 10:51:32', '1992-01-11 20:08:01', 0);
INSERT INTO `answer` (`id`, `question_id`, `isCorrect`, `answer`, `stamp_created`, `stamp_updated`, `correct_answer`) VALUES (99, 99, NULL, 'Repellat sit veritatis aut dolores eum accusantium maiores ducimus.', '1979-10-27 01:02:48', '1988-11-20 21:12:49', 0);
INSERT INTO `answer` (`id`, `question_id`, `isCorrect`, `answer`, `stamp_created`, `stamp_updated`, `correct_answer`) VALUES (100, 100, NULL, 'Perferendis aliquid ipsam sunt qui quia omnis dolores officiis.', '2008-02-10 02:00:09', '1997-03-07 07:09:55', 0);


INSERT INTO `student_has_course` (`id`, `student_user_id`, `course_id`, `stamp_created`, `stamp_updated`) VALUES (41, 10000, 21, '2007-07-30 07:24:33', '1978-09-30 19:15:29');
INSERT INTO `student_has_course` (`id`, `student_user_id`, `course_id`, `stamp_created`, `stamp_updated`) VALUES (42, 10001, 22, '2011-07-10 09:40:07', '1991-02-15 06:28:21');
INSERT INTO `student_has_course` (`id`, `student_user_id`, `course_id`, `stamp_created`, `stamp_updated`) VALUES (43, 10002, 23, '1993-01-06 20:40:13', '2001-06-28 00:17:37');
INSERT INTO `student_has_course` (`id`, `student_user_id`, `course_id`, `stamp_created`, `stamp_updated`) VALUES (44, 10003, 24, '1990-08-10 05:05:15', '1999-03-23 05:19:49');
INSERT INTO `student_has_course` (`id`, `student_user_id`, `course_id`, `stamp_created`, `stamp_updated`) VALUES (45, 10004, 25, '1991-10-21 12:43:27', '1985-10-26 23:56:44');
INSERT INTO `student_has_course` (`id`, `student_user_id`, `course_id`, `stamp_created`, `stamp_updated`) VALUES (46, 10005, 26, '1971-03-12 03:25:26', '1990-03-19 11:18:34');
INSERT INTO `student_has_course` (`id`, `student_user_id`, `course_id`, `stamp_created`, `stamp_updated`) VALUES (47, 10006, 27, '1984-07-24 22:06:29', '2000-07-12 21:35:52');
INSERT INTO `student_has_course` (`id`, `student_user_id`, `course_id`, `stamp_created`, `stamp_updated`) VALUES (48, 10007, 28, '2016-01-13 16:14:50', '1983-04-27 18:41:10');
INSERT INTO `student_has_course` (`id`, `student_user_id`, `course_id`, `stamp_created`, `stamp_updated`) VALUES (49, 10008, 29, '2014-06-07 01:10:16', '1990-07-25 06:55:23');
INSERT INTO `student_has_course` (`id`, `student_user_id`, `course_id`, `stamp_created`, `stamp_updated`) VALUES (50, 10009, 30, '1973-09-28 06:54:15', '2002-05-25 20:15:13');
INSERT INTO `student_has_course` (`id`, `student_user_id`, `course_id`, `stamp_created`, `stamp_updated`) VALUES (51, 10010, 21, '1999-03-23 00:59:22', '1976-09-07 16:48:11');
INSERT INTO `student_has_course` (`id`, `student_user_id`, `course_id`, `stamp_created`, `stamp_updated`) VALUES (52, 10011, 22, '2016-08-24 22:42:29', '2005-08-19 15:47:45');
INSERT INTO `student_has_course` (`id`, `student_user_id`, `course_id`, `stamp_created`, `stamp_updated`) VALUES (53, 10012, 23, '2001-11-15 02:55:25', '2002-05-10 16:42:51');
INSERT INTO `student_has_course` (`id`, `student_user_id`, `course_id`, `stamp_created`, `stamp_updated`) VALUES (54, 10013, 24, '1976-09-17 06:10:47', '2016-01-02 07:47:43');
INSERT INTO `student_has_course` (`id`, `student_user_id`, `course_id`, `stamp_created`, `stamp_updated`) VALUES (55, 10014, 25, '2005-06-28 02:27:07', '2018-12-06 02:55:13');
INSERT INTO `student_has_course` (`id`, `student_user_id`, `course_id`, `stamp_created`, `stamp_updated`) VALUES (56, 10015, 26, '1989-10-01 06:48:23', '1982-11-12 11:36:16');
INSERT INTO `student_has_course` (`id`, `student_user_id`, `course_id`, `stamp_created`, `stamp_updated`) VALUES (57, 10016, 27, '2001-01-19 04:56:49', '1991-07-25 21:46:25');
INSERT INTO `student_has_course` (`id`, `student_user_id`, `course_id`, `stamp_created`, `stamp_updated`) VALUES (58, 10017, 28, '1990-01-04 19:12:13', '2012-01-07 11:32:29');
INSERT INTO `student_has_course` (`id`, `student_user_id`, `course_id`, `stamp_created`, `stamp_updated`) VALUES (59, 10018, 29, '2019-05-21 00:41:47', '2003-02-10 18:53:50');
INSERT INTO `student_has_course` (`id`, `student_user_id`, `course_id`, `stamp_created`, `stamp_updated`) VALUES (60, 10019, 30, '1991-11-26 05:55:32', '1980-10-22 19:15:43');



